job_id,learner,task,measure,batch_nr,errors,warnings,ce,bacc,logloss,auc,mcc,alpha,lambda,runtime_learners,timestamp,y_trafo,acq_log_ei,.already_evaluated,x_domain_alpha,x_domain_lambda
1,glmnet,blood-transfusion-service-center,ce,52,0,0,0.224576576576577,0.533806329549364,0.484172245080634,0.757252608645798,0.181737422942021,0.407759036868811,-3.37308663771146,303.96,2024-07-10T22:25:56.038367Z,-6.90875477931431,0.000223066497231914,FALSE,0.407759036868811,0.0342836526442955
8,glmnet,blood-transfusion-service-center,bacc,2,0,0,0.228576576576577,0.546706226350189,0.477105496631668,0.753835569315446,0.183319939735615,0.106185721927322,-6.47837175488577,412.357,2024-07-10T21:51:54.464876Z,-6.90875477931567,,,0.106185721927322,0.00153631013337894
15,glmnet,blood-transfusion-service-center,logloss,65,0,0,0.229927927927928,0.541864465084279,0.476971062425195,0.753835569315446,0.173830105268082,8.48192721605301e-05,-5.20210705544622,354.872999999998,2024-07-10T22:35:42.585569Z,-6.90875477931484,3.70937253665023e-05,FALSE,8.48192721605301e-05,0.0055049529509549
22,glmnet,blood-transfusion-service-center,auc,96,0,0,0.228576576576577,0.527373581011352,0.488615126253457,0.759591789932347,0.154573072496622,0.0056621131952852,-2.35776328344281,542.101000000001,2024-07-10T22:58:02.047864Z,-6.90875477931501,1.18181202865373e-05,FALSE,0.0056621131952852,0.0946316508365653
29,glmnet,blood-transfusion-service-center,mcc,38,0,0,0.227261261261261,0.535853113175095,0.479135500475783,0.758181401215457,0.184088526858015,0.28544906294439,-3.89976853959081,425.303,2024-07-10T22:16:26.747826Z,-6.90875477931524,,,0.28544906294439,0.0202465971891716
36,glmnet,balance-scale,ce,63,0,0,0.102329749103943,0.830607553366174,0.26605045412461,0.958759696506427,0.828022338033442,0.961204716470093,-9.17230686209621,485.613999999999,2024-07-10T22:34:16.581968Z,-6.90875477931522,0.000131444586664868,FALSE,0.961204716470093,0.000103876604122065
43,glmnet,balance-scale,bacc,62,0,0,0.103917050691244,0.823940886699507,0.26580577701041,0.958217824585244,0.825010331957196,0.607225560350344,-9.1225149840437,283.507999999999,2024-07-10T22:32:47.369168Z,-6.90875477931528,0.000216687933436034,FALSE,0.607225560350344,0.000109179746437055
50,glmnet,balance-scale,logloss,191,0,0,0.118330773169483,0.762274220032841,0.265491634838571,0.957250438819999,0.798079128658366,0.268410757184029,-8.4786592112532,347.200999999999,2024-07-10T23:51:07.477751Z,-6.90875477931525,3.70438083712462e-05,FALSE,0.268410757184029,0.000207857208573433
57,glmnet,balance-scale,auc,96,0,0,0.135995903737839,0.62504105090312,0.809906835685451,0.960145518373818,0.760222787470886,0.0192776969633996,0.604389899326812,252.506,2024-07-10T22:50:29.842325Z,-6.90875477931517,0.00021128636519294,FALSE,0.0192776969633996,1.830135301428
64,glmnet,balance-scale,mcc,44,0,0,0.103917050691244,0.823940886699507,0.265780366838446,0.957979729347149,0.825010331957196,0.529833849384449,-9.16801688885864,552.973999999999,2024-07-10T22:30:15.829332Z,-6.90875477931517,,,0.529833849384449,0.000104323189207883
71,glmnet,ilpd,ce,96,0,0,0.26218585622443,0.596106399877024,0.504950188773467,0.753133967001435,0.26508000901904,0.862435240065679,-6.59032100926592,349.490000000001,2024-07-10T23:16:45.393372Z,-6.90875477931504,0.000172638171213325,FALSE,0.862435240065679,0.00137359895484888
78,glmnet,ilpd,bacc,54,0,0,0.26218585622443,0.596106399877024,0.504918963906016,0.752988573478172,0.26508000901904,0.860157902119681,-6.62217835454045,420.649999999999,2024-07-10T22:24:52.489124Z,-6.90875477931542,0.000188781128848262,FALSE,0.860157902119681,0.0013305294216799
85,glmnet,ilpd,logloss,145,0,0,0.269023962594974,0.585753783220605,0.504108216728004,0.756735712577714,0.244468270790526,0.000165809411555529,-6.7264185039065,295.432999999998,2024-07-10T23:34:38.720535Z,-6.90875477931511,3.62200934806813e-05,FALSE,0.000165809411555529,0.00119881884362407
92,glmnet,ilpd,auc,129,0,0,0.284599649327878,0.548043699186992,0.506929458281396,0.75938887750222,0.162575693523392,0.0132722796406597,-4.92010957744928,395.258000000001,2024-07-10T23:24:30.642249Z,-6.90875477931526,2.89983996459084e-05,FALSE,0.0132722796406597,0.00729833107046797
99,glmnet,ilpd,mcc,117,0,0,0.26218585622443,0.596106399877024,0.504827590952989,0.753399988043998,0.26508000901904,0.792633254779503,-6.58903798514379,387.570999999998,2024-07-10T23:11:14.915435Z,-6.90875477931523,0.000189602994720585,FALSE,0.792633254779503,0.00137536244650134
106,glmnet,dresses-sales,ce,181,0,0,0.398,0.561658456486043,0.76868577273194,0.565845648604269,0.145474238542824,0.00756775308400393,-1.99612336222839,221.248000000003,2024-07-10T23:57:08.454996Z,-6.90875477931538,3.88008858731964e-07,FALSE,0.00756775308400393,0.135860947353805
113,glmnet,dresses-sales,bacc,122,0,0,0.408,0.560262725779967,0.901249932463357,0.560591133004926,0.132855840205824,0.0555530204437673,-3.57846100159896,403.456,2024-07-10T23:14:27.342878Z,-6.90875477931579,6.02155911703224e-07,FALSE,0.0555530204437673,0.0279186319392512
120,glmnet,dresses-sales,logloss,141,0,0,0.42,0.5,0.680028473373004,0.508292282430213,0,0.880744672613218,-2.09851878753188,388.373000000001,2024-07-10T23:26:08.216440Z,-6.90875477931513,5.6236379742937e-05,FALSE,0.880744672613218,0.122637946641774
127,glmnet,dresses-sales,auc,167,0,0,0.418,0.502380952380952,0.678871841411281,0.573563218390805,0.0167877043255144,0.00112861744128168,2.07124386916704,336.275000000001,2024-07-10T23:46:41.933866Z,-6.90875477931523,9.11122161020889e-06,FALSE,0.00112861744128168,7.93468669420753
134,glmnet,dresses-sales,mcc,196,0,0,0.404,0.566338259441708,0.976096274497735,0.566995073891626,0.143437265356168,0.122469906462356,-4.38552782614953,463.860999999999,2024-07-11T00:52:59.012056Z,-6.90875477931526,1.00471018669775e-06,FALSE,0.122469906462356,0.0124563116318544
141,glmnet,banknote-authentication,ce,68,0,0,0.00947318311647096,0.990987668500611,0.029836512809874,0.999849007765315,0.981082500259021,0.191353280330077,-8.85295279971904,521.169,2024-07-10T22:54:59.575415Z,-6.90875477931522,0.000124159489118214,FALSE,0.191353280330077,0.000142958983185472
148,glmnet,banknote-authentication,bacc,59,0,0,0.00947318311647096,0.990987668500611,0.0301433805232831,0.999849007765315,0.981082500259021,0.0394960900302976,-8.94919600105104,282.642,2024-07-10T22:25:52.437045Z,-6.90875477931516,0.000106507209287349,FALSE,0.0394960900302976,0.00012984151052929
155,glmnet,banknote-authentication,logloss,86,0,0,0.012392891145668,0.98770897997602,0.0223344144006279,0.999849007765315,0.975302056878589,0.999937936430797,-9.20526560091106,374.688,2024-07-10T22:46:06.183092Z,-6.90875477931522,3.46038051368408e-05,FALSE,0.999937936430797,0.000100508766952548
162,glmnet,banknote-authentication,auc,16,0,0,0.0102031101237702,0.990167996369463,0.0264768330335252,0.999870578084556,0.979629617203104,0.913595286384225,-8.03715628676147,362.682,2024-07-10T22:01:40.261437Z,-6.90875477931526,,,0.913595286384225,0.000323226808792263
169,glmnet,banknote-authentication,mcc,21,0,0,0.00947318311647096,0.990987668500611,0.0299059269781596,0.999849007765315,0.981082500259021,0.682445693458431,-8.10481401996767,312.119,2024-07-10T22:03:35.306577Z,-6.90875477931528,,,0.682445693458431,0.000302081406197595
176,glmnet,diabetes,ce,39,0,0,0.221445659603554,0.731888888888889,0.48466208324196,0.833980056980057,0.494773877384121,0.508759228033014,-6.8474532022841,365.095,2024-07-10T22:15:35.196338Z,-6.90875477931512,,,0.508759228033014,0.00106215735107454
183,glmnet,diabetes,bacc,55,0,0,0.221445659603554,0.731888888888889,0.484698980524878,0.833905982905983,0.494773877384121,0.789902876131237,-7.13471342821175,475.284,2024-07-10T22:28:54.489323Z,-6.90875477931509,0.000119251483725548,FALSE,0.789902876131237,0.000796954134736725
190,glmnet,diabetes,logloss,151,0,0,0.227939166097061,0.72262962962963,0.483740375963601,0.833504273504273,0.478252815366818,0.374582490418106,-4.83758492122332,229.622,2024-07-10T23:37:06.421743Z,-6.90875477931531,3.73389472612599e-05,FALSE,0.374582490418106,0.00792617328795756
197,glmnet,diabetes,auc,152,0,0,0.231801093643199,0.711891737891738,0.489651007913346,0.834925925925926,0.46676001569932,0.326138988835737,-3.34746072808321,299.406,2024-07-10T23:29:29.823763Z,-6.90875477931537,6.47852766544706e-05,FALSE,0.326138988835737,0.0351735560219682
204,glmnet,diabetes,mcc,3,0,0,0.221445659603554,0.731888888888889,0.484709325294536,0.833980056980057,0.494773877384121,0.643514266582206,-7.08300689542767,287.829,2024-07-10T21:52:17.224921Z,-6.90875477931524,,,0.643514266582206,0.000839245826148595
211,glmnet,breast-w,ce,1,0,0,0.0343478260869565,0.962026570048309,0.0968935457677803,0.9951192431562,0.925067936569282,0.536740313540213,-7.46531344290202,322.888,2024-07-10T21:51:03.747450Z,-6.90875477931521,,,0.536740313540213,0.000572605567072292
218,glmnet,breast-w,bacc,3,0,0,0.0343478260869565,0.962026570048309,0.102433021480149,0.994211111111111,0.925067936569282,0.928686918811873,-7.10035532237151,362.265,2024-07-10T21:52:15.703562Z,-6.90875477931514,,,0.928686918811873,0.000824811797108052
225,glmnet,breast-w,logloss,169,0,0,0.0343478260869565,0.961030193236715,0.0922501736429923,0.994843156199678,0.924702844994308,0.045538961654529,-5.46449404906534,399.578000000001,2024-07-10T23:55:57.094875Z,-6.90875477931522,4.45471211108864e-05,FALSE,0.045538961654529,0.00423448294574344
232,glmnet,breast-w,auc,36,0,0,0.0357763975155279,0.958946859903382,0.0949529966491619,0.995201771336554,0.921608692718454,0.734022324760445,-5.47768631573276,338.372,2024-07-10T22:14:59.386829Z,-6.90875477931523,,,0.734022324760445,0.00417898737853473
239,glmnet,breast-w,mcc,10,0,0,0.0343478260869565,0.962026570048309,0.10074324598777,0.994214814814815,0.925067936569282,0.192425948949531,-8.68249575902594,449.387,2024-07-10T21:58:10.481533Z,-6.90875477931518,,,0.192425948949531,0.00016952743954476
246,glmnet,tic-tac-toe,ce,88,0,0,0.239035087719298,0.670557841905091,0.531521062356688,0.78790333989575,0.444877410578193,0.0262105653528124,-1.76804156865067,581.369,2024-07-10T23:10:25.911285Z,-6.90875477931533,4.23785965801303e-05,FALSE,0.0262105653528124,0.170666901156012
253,glmnet,tic-tac-toe,bacc,1,0,0,0.252609649122807,0.689228350186605,0.476042577471438,0.826835582717936,0.414021753385503,0.113051911732182,-7.56979192621141,491.673,2024-07-10T21:51:46.855302Z,-6.90875477931502,,,0.113051911732182,0.000515799761858094
260,glmnet,tic-tac-toe,logloss,154,0,0,0.256787280701754,0.683889244847499,0.47579766909401,0.827031633767877,0.403415430784978,8.56292899698019e-05,-6.03644302979254,641.545,2024-07-11T00:01:49.608820Z,-6.90875477931538,3.63167023689126e-05,FALSE,8.56292899698019e-05,0.00239004513138449
267,glmnet,tic-tac-toe,auc,63,0,0,0.257839912280702,0.683082793234596,0.47581537454417,0.827275237237287,0.40144433615009,0.0109562559518963,-5.87418263821905,376.790999999999,2024-07-10T22:31:36.797136Z,-6.90875477931518,3.5869810883147e-05,FALSE,0.0109562559518963,0.00281109093405637
274,glmnet,tic-tac-toe,mcc,76,0,0,0.239035087719298,0.670557841905091,0.533493710317253,0.780782912708909,0.444877410578193,0.00426291674375534,-1.65760279800424,365.670000000001,2024-07-10T22:40:25.576841Z,-6.90875477931522,0.00015575781010655,FALSE,0.00426291674375534,0.190595328405086
281,glmnet,Australian,ce,52,0,0,0.133333333333333,0.869812807452875,0.341515381572632,0.929019125564117,0.73703761044347,0.552499467274174,-3.40407793419797,353.699999999999,2024-07-10T22:26:17.990936Z,-6.9087547793152,0.000149617935754747,FALSE,0.552499467274174,0.0332374530758302
288,glmnet,Australian,bacc,67,0,0,0.131884057971015,0.870480605981455,0.337423466951976,0.928926109732561,0.73867052685432,0.544700185768306,-3.93064393493065,368.945,2024-07-10T22:36:33.924453Z,-6.90875477931527,0.000102670287220768,FALSE,0.544700185768306,0.0196310273779141
295,glmnet,Australian,logloss,160,0,0,0.140579710144928,0.858771712158809,0.335260129865772,0.930283183143964,0.717609968682351,0.0240526648703963,-3.9068064361217,288.295000000002,2024-07-10T23:34:36.129491Z,-6.90875477931518,3.6996617840482e-05,FALSE,0.0240526648703963,0.020104603985888
302,glmnet,Australian,auc,70,0,0,0.139130434782609,0.861329720081842,0.338976953495515,0.931771654114608,0.721657610651656,0.938122261781245,-6.37038110277352,324.836,2024-07-10T22:44:14.154651Z,-6.90875477931532,4.33437281043462e-05,FALSE,0.938122261781245,0.00171150684125659
309,glmnet,Australian,mcc,179,0,0,0.133333333333333,0.868867702755648,0.34001935023066,0.928676084338224,0.735582590840481,0.377020447747782,-3.3314332027584,358.192000000001,2024-07-11T00:05:41.651042Z,-6.9087547793152,0.000149280627804846,FALSE,0.377020447747782,0.0357418430339592
316,glmnet,credit-approval,ce,147,0,0,0.127536231884058,0.876264420356101,0.344768119202927,0.930281369262694,0.749941706628019,0.404548931866884,-3.36510016316865,435.398000000008,2024-07-11T00:11:09.928400Z,-6.90875477931523,0.000100102900683654,FALSE,0.404548931866884,0.0345585544503233
323,glmnet,credit-approval,bacc,59,0,0,0.127536231884058,0.875967306603979,0.346681514681349,0.929940649804826,0.749526763972359,0.313270931597799,-3.13375401997455,413.696000000001,2024-07-10T22:47:27.401702Z,-6.90875477931532,5.88590081572504e-05,FALSE,0.313270931597799,0.0435539874336637
330,glmnet,credit-approval,logloss,114,0,0,0.134782608695652,0.868038613904488,0.338122203212496,0.932236152830381,0.734553081819158,0.788689843611792,-4.73032198589667,406.454999999999,2024-07-10T23:09:52.115277Z,-6.90875477931514,2.10405887723428e-05,FALSE,0.788689843611792,0.00882362949802732
337,glmnet,credit-approval,auc,150,0,0,0.136231884057971,0.86612859692656,0.33821899891298,0.932829799892618,0.731388258198033,0.82465154491365,-5.19642905074319,503.944000000003,2024-07-11T00:07:52.503881Z,-6.90875477931535,2.69373080296784e-05,FALSE,0.82465154491365,0.00553629900701154
344,glmnet,credit-approval,mcc,170,0,0,0.127536231884058,0.876264420356101,0.34605372347243,0.93062383004658,0.749941706628019,0.436776774702594,-3.34370979859157,432.778000000002,2024-07-11T00:26:13.575642Z,-6.90875477931523,3.80241768896913e-05,FALSE,0.436776774702594,0.0353057372969214
351,glmnet,climate-model-simulation-crashes,ce,10,0,0,0.0351851851851852,0.836,0.151783697658902,0.950040816326531,0.754351773491821,0.337911157095805,-8.47330563928223,340.276,2024-07-10T21:59:26.560161Z,-6.90875477931519,,,0.337911157095805,0.000208972971091809
358,glmnet,climate-model-simulation-crashes,bacc,32,0,0,0.0351851851851852,0.836,0.154125987669372,0.950132653061224,0.754351773491821,0.192690330436453,-8.8308013105784,389.530999999999,2024-07-10T22:17:11.098852Z,-6.90875477931521,,,0.192690330436453,0.000146161072133737
365,glmnet,climate-model-simulation-crashes,logloss,139,0,0,0.0425925925925926,0.791,0.130866343431197,0.950489795918367,0.693537833119487,0.00015631876885891,-5.94844999308884,129.735,2024-07-11T07:28:03.171140Z,-6.90875477931525,3.67226237811114e-05,FALSE,0.00015631876885891,0.00260988272113321
372,glmnet,climate-model-simulation-crashes,auc,68,0,0,0.0444444444444444,0.7515,0.138235928962333,0.953295918367347,0.661366209513538,0.598771908553317,-4.74635217462772,135.959,2024-07-11T10:32:01.030622Z,-6.9087547793151,9.17329597126332e-05,FALSE,0.598771908553317,0.00868331270890549
379,glmnet,climate-model-simulation-crashes,mcc,20,0,0,0.0351851851851852,0.836,0.153986395227622,0.950132653061224,0.754351773491821,0.301521881269291,-8.72800611048426,145.768,2024-07-15T08:27:45.682086Z,-6.90875477931523,,,0.301521881269291,0.000161985114868007
386,glmnet,kc2,ce,38,0,0,0.151197387518142,0.680431844578186,0.373048069684146,0.850311477140745,0.475104080337182,0.999422492519952,-4.16681811072016,134.157,2024-07-15T08:33:30.790495Z,-6.90875477931525,,,0.999422492519952,0.0155015058103593
393,glmnet,kc2,bacc,26,0,0,0.155079825834543,0.687999683243586,0.384373478204045,0.844146341463415,0.470883810451341,0.0780404007760808,-5.89391182782566,168.59,2024-07-16T09:12:36.531935Z,-6.90875477931532,,,0.0780404007760808,0.0027561739035884
400,glmnet,kc2,logloss,159,0,0,0.151197387518142,0.680431844578186,0.373024915564106,0.849613557174533,0.475104080337182,0.999864097917452,-4.10697224960789,146.332000000002,2024-07-18T09:25:11.666469Z,-6.90875477931511,3.61247782648256e-05,FALSE,0.999864097917452,0.0164575284552783
407,glmnet,kc2,auc,72,0,0,0.153120464441219,0.682538274733397,0.373280030713879,0.854526977087953,0.468809556846338,0.998005309840664,-5.18623010478589,150.959,2024-07-18T08:56:46.276865Z,-6.90875477931528,3.6277464532018e-05,FALSE,0.998005309840664,0.00559305234153447
414,glmnet,kc2,mcc,114,0,0,0.155079825834543,0.687999683243586,0.387077107988406,0.84580192165558,0.470883810451341,0.324143382720649,-6.54668679350878,132.904,2024-07-11T20:03:04.555394Z,-6.9087547793152,0.000183845437321397,FALSE,0.324143382720649,0.00143486172469812
421,glmnet,analcatdata_dmft,ce,103,0,0,0.776566455696203,0.221437728937729,1.75257848945537,0.612307688394227,0.0654926147378629,0.156769720837474,-2.91487975904969,141.081999999999,2024-07-11T19:59:49.141413Z,-6.90875477931713,5.76208018886683e-05,FALSE,0.156769720837474,0.0542105489690292
428,glmnet,analcatdata_dmft,bacc,55,0,0,0.782943037974684,0.216203449328449,1.78133376502027,0.601714986224602,0.05969551092893,0.0634871290531009,-5.28954668694006,131.39,2024-07-11T19:45:27.563484Z,-6.90875477931517,0.00019161203500093,FALSE,0.0634871290531009,0.00504404627356261
435,glmnet,analcatdata_dmft,logloss,186,0,0,0.784113924050633,0.212013888888889,1.74905217453644,0.615681062349332,0.0552124617110625,0.000471665989607573,-1.28143181264361,130.884,2024-07-11T20:24:21.444522Z,-6.90875477931457,3.28236839196902e-05,FALSE,0.000471665989607573,0.277639487995426
442,glmnet,analcatdata_dmft,auc,184,0,0,0.777879746835443,0.201587301587302,1.7650646869197,0.620464180050719,0.0580903589497035,0.00129129039123654,0.458194329343436,117.442999999999,2024-07-11T20:21:37.848725Z,-6.90875477931528,2.19146563887841e-05,FALSE,0.00129129039123654,1.58121624992259
449,glmnet,analcatdata_dmft,mcc,75,0,0,0.777863924050633,0.220911172161172,1.75797401342637,0.605939339328763,0.0641922797711742,0.81851198291406,-4.29980975869588,142.31,2024-07-11T19:51:38.602158Z,-6.9087547793153,5.30717744347005e-05,FALSE,0.81851198291406,0.0135711405581129
456,glmnet,wdbc,ce,53,0,0,0.0175438596491228,0.97761544011544,0.0803379769948846,0.995779220779221,0.963195013632168,0.263015966163948,-5.13698477828271,137.418,2024-07-11T19:44:54.643265Z,-6.90875477931522,0.000129739957460956,FALSE,0.263015966163948,0.00587537860113011
463,glmnet,wdbc,bacc,61,0,0,0.0175438596491228,0.977507215007215,0.0880863720027447,0.995512265512265,0.963002480816184,0.438048049341887,-4.68932621499814,161.977999999999,2024-07-18T08:52:28.582738Z,-6.90875477931532,0.000144381566845635,FALSE,0.438048049341887,0.00919287809337648
470,glmnet,wdbc,logloss,142,0,0,0.0228070175438597,0.972525252525253,0.0764715056001112,0.995656565656566,0.951505261771998,0.310939246788621,-5.96683179369426,142.466,2024-07-18T09:20:04.110556Z,-6.90875477931522,3.08696362527176e-05,FALSE,0.310939246788621,0.00256234661545062
477,glmnet,wdbc,auc,70,0,0,0.0210526315789474,0.973953823953824,0.0787556407404691,0.996046176046176,0.955511144126652,0.0666251215152443,-5.21522756934879,150.638000000001,2024-07-18T08:56:26.343922Z,-6.90875477931527,4.82723322168398e-05,FALSE,0.0666251215152443,0.00543319690670162
484,glmnet,wdbc,mcc,134,0,0,0.0175438596491228,0.977507215007215,0.088426413811461,0.995512265512265,0.963002480816184,0.380780228180811,-4.61459978925099,150.118999999998,2024-07-18T09:17:24.680124Z,-6.90875477931525,0.000120802753127794,FALSE,0.380780228180811,0.00990614716032094
491,glmnet,credit-g,ce,180,0,0,0.239,0.650238095238095,0.502359560469458,0.788285714285714,0.375998636927521,0.253855943214148,-2.82619643692601,150.031,2024-07-18T09:32:31.246536Z,-6.90875477931513,5.47447938982625e-07,FALSE,0.253855943214148,0.0592377401944756
498,glmnet,credit-g,bacc,51,0,0,0.248,0.672380952380952,0.504612425906967,0.790142857142857,0.377255948727482,0.369622613769025,-6.79737294166815,188.261999999999,2024-07-18T21:17:13.685465Z,-6.90875477931539,0.000173365385348388,FALSE,0.369622613769025,0.00111670494681818
505,glmnet,credit-g,logloss,182,0,0,0.249,0.65452380952381,0.496304719106657,0.791476190476191,0.357568072337811,7.20310490578413e-05,-2.68504344553221,183.423,2024-07-18T22:14:14.589146Z,-6.90875477931502,8.1300051005844e-05,FALSE,7.20310490578413e-05,0.0682182301546202
512,glmnet,credit-g,auc,124,0,0,0.263,0.588333333333333,0.512950874359019,0.794,0.273666060905831,0.0154935838654637,-1.10991237445193,196.423,2024-07-18T21:50:17.084409Z,-6.90875477931516,6.47437930786002e-05,FALSE,0.0154935838654637,0.329587840125028
519,glmnet,credit-g,mcc,27,0,0,0.248,0.672380952380952,0.50447731743275,0.790142857142857,0.377255948727482,0.537424336965196,-6.81386344522881,162.013,2024-07-18T21:09:16.240125Z,-6.90875477931516,,,0.537424336965196,0.00109844092525902
526,glmnet,cylinder-bands,ce,194,0,0,0.216666666666667,0.762410150771389,0.466505242038809,0.851482412660972,0.558096468432175,0.0750526490155608,-2.21701325555024,219.822999999999,2024-07-18T22:20:12.868978Z,-6.90875477931529,8.41489814538919e-06,FALSE,0.0750526490155608,0.108933981392097
533,glmnet,cylinder-bands,bacc,167,0,0,0.222222222222222,0.76409337944664,0.485790083749302,0.838548705852352,0.545853731709526,0.135094936937094,-3.91000811634657,204.227999999997,2024-07-18T22:12:29.647219Z,-6.90875477931514,8.16442893224944e-05,FALSE,0.135094936937094,0.020040338406692
540,glmnet,cylinder-bands,logloss,199,0,0,0.22962962962963,0.751733233456586,0.465278285461965,0.843736253665689,0.529231192813273,0.024468666408211,-2.63636822521141,176.515,2024-07-18T22:25:20.987268Z,-6.90875477931527,2.29987800996638e-06,FALSE,0.024468666408211,0.0716209088063017
547,glmnet,cylinder-bands,auc,77,0,0,0.224074074074074,0.748877581920184,0.478148401877549,0.853311073568787,0.544743727885074,0.0125912642106414,-1.37894891132078,197.024000000001,2024-07-18T21:32:20.155595Z,-6.90875477931507,0.00011476002521765,FALSE,0.0125912642106414,0.251843123447925
554,glmnet,cylinder-bands,mcc,70,0,0,0.212962962962963,0.762070277636109,0.472004465635392,0.849339179841897,0.56787542082628,0.000255302526056767,-1.61485942944887,215.748,2024-07-18T21:26:13.845661Z,-6.90875477931526,6.40167187959028e-05,FALSE,0.000255302526056767,0.198918630577119
561,glmnet,cmc,ce,122,0,0,0.484689281117853,0.4842000276061,0.958940602141677,0.723806433108067,0.236395740642781,0.742519788211212,-4.01009399529664,202.642,2024-07-18T21:46:15.731036Z,-6.9087547793155,9.99488749096496e-06,FALSE,0.742519788211212,0.0181316908630395
568,glmnet,cmc,bacc,19,0,0,0.490099282956426,0.480947687494177,0.955916888102168,0.725400376740277,0.231244323369917,0.892910897093825,-7.31987020995714,167.298,2024-07-18T21:06:08.566675Z,-6.90875477931532,,,0.892910897093825,0.000662248158851506
575,glmnet,cmc,logloss,154,0,0,0.489441993013422,0.480514878332715,0.953612702106685,0.726614947592456,0.230479513588446,0.999566650018096,-5.27771183912137,185.171,2024-07-18T21:59:07.781828Z,-6.9087547793156,2.8846124476547e-05,FALSE,0.999566650018096,0.00510409643495949
582,glmnet,cmc,auc,131,0,0,0.489441993013422,0.480639372574856,0.953691973393891,0.727124160429589,0.230678814435545,0.951471076346934,-5.30988427264646,206.917999999998,2024-07-18T21:49:50.324861Z,-6.90875477931515,1.92775944929198e-05,FALSE,0.951471076346934,0.00494249866687468
589,glmnet,cmc,mcc,77,0,0,0.486054421768708,0.483065432353857,0.958843573179456,0.723833787127217,0.234906043011092,0.50120640732348,-3.73399878424015,181.286,2024-07-18T21:29:47.053239Z,-6.90875477931518,3.16534853411519e-05,FALSE,0.50120640732348,0.0238970852334804
596,glmnet,car,ce,37,0,0,0.0630797150154591,0.893944392927646,0.152566509262677,0.992557979664952,0.863950717893448,0.284134311447851,-8.62358341485647,232.984,2024-07-18T21:12:45.399378Z,-6.90875477931521,,,0.284134311447851,0.000179814747993253
603,glmnet,car,bacc,68,0,0,0.0636611103642963,0.900033001288982,0.151993344605032,0.992037083381923,0.862680699658485,0.853628077777103,-8.51065507938615,251.602,2024-07-18T21:29:16.994484Z,-6.90875477931525,0.000143316506658133,FALSE,0.853628077777103,0.000201311906428294
610,glmnet,car,logloss,103,0,0,0.06597324909262,0.888660820837854,0.151205957382971,0.99209547698953,0.857686255003916,0.955525749828666,-8.83844549607302,225.200000000001,2024-07-18T21:44:21.530518Z,-6.90875477931524,0.000190560456683307,FALSE,0.955525749828666,0.00014504804928264
617,glmnet,car,auc,86,0,0,0.0769760720526953,0.830545013200516,0.177626105484116,0.993331539666126,0.833983304472036,0.894628279376775,-6.42531392531311,171.768,2024-07-18T21:42:55.999841Z,-6.90875477931527,0.000134958607050142,FALSE,0.894628279376775,0.00162002463135532
624,glmnet,car,mcc,49,0,0,0.0630797150154591,0.896874795858049,0.155769743666115,0.992603508298997,0.863983364812002,0.0188967094710097,-8.01541287074472,233.786,2024-07-18T21:32:22.486298Z,-6.90875477931526,,,0.0188967094710097,0.000330331827531316
631,glmnet,pc1,ce,41,0,0,0.0676167076167076,0.550668142537075,0.669044033724205,0.764819161421103,0.18235224281196,0.0305860322201625,-6.45304041309948,252.074999999999,2024-07-18T21:29:16.355095Z,-6.9087547793152,,,0.0305860322201625,0.00157572402629415
638,glmnet,pc1,bacc,139,0,2,0.151408681408681,0.606446041822255,2.90618089001227,0.660200176037555,0.215763961265833,0.100383965298533,-8.87314718337826,197.702999999999,2024-07-18T22:13:35.425768Z,-6.90875477931509,2.40760899665459e-06,FALSE,0.100383965298533,0.000140100969669508
645,glmnet,pc1,logloss,118,0,0,0.0676248976248976,0.555539848501014,0.221610464234239,0.83164275045343,0.217507238682767,0.805459641385824,-5.87616509598263,217.22,2024-07-18T22:04:07.884174Z,-6.90875477931522,0.000168149696850394,FALSE,0.805459641385824,0.00280552358535022
652,glmnet,pc1,auc,130,0,0,0.0703276003276003,0.554083537821402,0.224934161405002,0.83509948789075,0.198989018788239,0.218016267521307,-6.49684071235129,188.695,2024-07-18T22:08:17.052362Z,-6.90875477931511,0.000120378946094212,FALSE,0.218016267521307,0.00150819650074545
659,glmnet,pc1,mcc,51,0,0,0.0676248976248976,0.555539848501014,0.222311584187607,0.832939026992425,0.217507238682767,0.221097022062168,-5.54162246409397,202.741,2024-07-18T21:33:14.910751Z,-6.90875477931519,0.000222184006394419,FALSE,0.221097022062168,0.00392016135477707
666,glmnet,wilt,ce,183,0,0,0.036783276012525,0.720289147532275,0.262210218007527,0.929382549351877,0.541824852291832,0.516812531510368,-9.20748126755527,169.016000000001,2024-07-18T22:28:22.870254Z,-6.90875477931519,0.000120935964152148,FALSE,0.516812531510368,0.000100286319555802
673,glmnet,wilt,bacc,177,0,0,0.0388506750166829,0.704829119448146,0.0892395955545538,0.977902553175121,0.543869682992888,0.119272328913212,-9.20804083591292,185.804,2024-07-18T22:19:16.221601Z,-6.90875477931515,9.07609252963324e-05,FALSE,0.119272328913212,0.000100230218202409
680,glmnet,wilt,logloss,198,0,0,0.0388506750166829,0.704829119448146,0.0892380840185147,0.977902553175121,0.543869682992888,0.120666690403596,-9.20683162803069,183.721999999999,2024-07-18T22:27:23.392946Z,-6.90875477931522,0.000146847283356287,FALSE,0.120666690403596,0.000100351490679338
687,glmnet,wilt,auc,75,0,0,0.0475313553376795,0.5880673732699,0.108810521663967,0.974650013504131,0.341866570531392,0.406606094446033,-7.29598956036425,162.972,2024-07-18T21:39:16.301547Z,-6.90875477931525,0.000144070340064228,FALSE,0.406606094446033,0.000678253422499498
694,glmnet,wilt,mcc,66,0,0,0.0388506750166829,0.703015212830746,0.0894356315625434,0.977927746322584,0.542305683307907,0.0946301347576082,-9.20160669832428,182.468,2024-07-18T21:35:53.507760Z,-6.90875477931521,0.000118922722163746,FALSE,0.0946301347576082,0.00010087719234523
701,glmnet,vehicle,ce,99,0,0,0.193879551820728,0.808462349054454,0.399110530523887,0.953832300234385,0.742203772568526,0.974751777248457,-8.23450608124786,189.319,2024-07-18T21:51:56.427703Z,-6.90875477931522,0.000114576957070743,FALSE,0.974751777248457,0.000265337997812316
708,glmnet,vehicle,bacc,59,0,0,0.193879551820728,0.808462349054454,0.399736280330135,0.9536434138442,0.742203772568526,0.998947834828869,-8.11644550827,201.67,2024-07-18T21:37:27.536501Z,-6.90875477931515,0.000108730860760585,FALSE,0.998947834828869,0.000298588105383246
715,glmnet,vehicle,logloss,187,0,0,0.195070028011205,0.807212349054454,0.398722139840606,0.953675338894922,0.740615302413741,0.925244187237695,-8.42171400301312,168.464,2024-07-18T22:28:09.311574Z,-6.9087547793152,3.43481287356312e-05,FALSE,0.925244187237695,0.00022003718503394
722,glmnet,vehicle,auc,62,0,0,0.19624649859944,0.806130097972203,0.407635199546281,0.955061586884041,0.739097882673103,0.562451625941321,-8.1078471665357,240.998000000001,2024-07-18T21:37:53.615778Z,-6.90875477931518,0.000174285884199706,FALSE,0.562451625941321,0.000301166537184425
729,glmnet,vehicle,mcc,179,0,0,0.193879551820728,0.808462349054454,0.399185829703814,0.953832300234385,0.742203772568526,0.979454472428188,-8.20972307321997,176.338999999999,2024-07-18T22:28:23.437453Z,-6.90875477931518,0.000110264990422573,FALSE,0.979454472428188,0.000271996033846856
736,glmnet,phoneme,ce,22,0,0,0.250371054973643,0.666328318383442,0.471742622946298,0.812790760131659,0.359895350622953,0.524021973013878,-8.25754380204877,183.635,2024-07-19T11:01:39.815433Z,-6.90875477931479,,,0.524021973013878,0.000259295089778562
743,glmnet,phoneme,bacc,6,0,0,0.250371054973643,0.666328318383442,0.471742825651427,0.812777607868591,0.359895350622953,0.6535484179575,-8.08451007578422,476.794,2024-07-20T07:22:48.144084Z,-6.90875477931499,,,0.6535484179575,0.000308277540327009
750,glmnet,phoneme,logloss,168,0,0,0.251111111111111,0.665066476173427,0.47173557475531,0.812813986332398,0.357546186255652,1.38944014906883e-05,-6.58261575782754,357.515,2024-07-20T09:28:45.068208Z,-6.90875477931509,3.74697195843672e-05,FALSE,1.38944014906883e-05,0.00138422376100598
757,glmnet,phoneme,auc,150,0,0,0.276088176901486,0.574641533461491,0.495702977628167,0.813456452914882,0.21859869455817,0.0661181083414704,-1.93520924120733,401.558999999998,2024-07-20T09:13:40.114784Z,-6.90875477931511,7.38415977329289e-05,FALSE,0.0661181083414704,0.144394052476529
764,glmnet,phoneme,mcc,31,0,0,0.250371054973643,0.666328318383442,0.471741080373753,0.812787460435301,0.359895350622953,0.183634731415659,-7.93538850124693,419.046,2024-07-20T07:43:34.348757Z,-6.90875477931516,,,0.183634731415659,0.000357852917395733
771,glmnet,eucalyptus,ce,170,0,0,0.338430211032951,0.608425352425353,0.880450720759097,0.918761252215798,0.568483239428454,0.811173678375781,-3.92037803926068,492.783000000001,2024-07-20T09:51:52.128939Z,-6.90875477931524,1.6216511914838e-07,FALSE,0.811173678375781,0.0198335954491854
778,glmnet,eucalyptus,bacc,163,1,0,0.366475379489078,0.601118881118881,0.948579502302028,0.824665970393243,0.523881262703722,0.653047679690644,-7.40156251081371,555.922999999999,2024-07-20T10:00:07.784183Z,-6.90875477931509,3.43169262729451e-06,FALSE,0.653047679690644,0.000610298417860404
785,glmnet,eucalyptus,logloss,178,0,0,0.341206960385043,0.610694860694861,0.828276395437955,0.921351495306041,0.563622526364307,0.99898816482164,-4.45891708471414,396.59500000001,2024-07-20T10:08:03.325329Z,-6.90875477931522,0.000103206771253156,FALSE,0.99898816482164,0.0115748911294847
792,glmnet,eucalyptus,auc,143,0,0,0.350721954831544,0.599288711288711,0.830266797797152,0.921722829359193,0.550927327507033,0.971795332850888,-4.38321740486072,556.977000000001,2024-07-20T09:31:52.547380Z,-6.90875477931521,4.67252090081581e-05,FALSE,0.971795332850888,0.0124851242312332
799,glmnet,eucalyptus,mcc,162,0,0,0.338430211032951,0.606336552336552,0.87704009179017,0.919015138060593,0.568756847034694,0.860779637238011,-3.96009316637599,512.290999999994,2024-07-20T10:09:27.260733Z,-6.90875477931517,2.61713419415634e-06,FALSE,0.860779637238011,0.0190613383330692
806,glmnet,qsar-biodeg,ce,95,0,0,0.123234501347709,0.859520358868185,0.332388415403257,0.925600742712544,0.725572164037903,0.447956937830895,-6.16687579387236,524.312000000001,2024-07-20T09:00:51.317857Z,-6.90875477931519,9.90726167830313e-05,FALSE,0.447956937830895,0.00209777966940495
813,glmnet,qsar-biodeg,bacc,126,0,0,0.123234501347709,0.859520358868185,0.332364529687542,0.925559351276742,0.725572164037903,0.444324938580394,-6.15245843701521,462.344000000002,2024-07-20T09:27:00.250108Z,-6.90875477931514,7.88487551516744e-05,FALSE,0.444324938580394,0.00212824318149143
820,glmnet,qsar-biodeg,logloss,186,0,0,0.129856244384546,0.852446514837819,0.33159231275155,0.926570097604259,0.710232855735625,0.000209121033549309,-5.87220403617563,614.154000000004,2024-07-20T10:33:24.719811Z,-6.90875477931519,3.37843788765538e-05,FALSE,0.000209121033549309,0.00281665847047585
827,glmnet,qsar-biodeg,auc,135,0,0,0.129856244384546,0.852446514837819,0.331642681648004,0.926888708140261,0.710232855735625,0.0479099992662668,-5.89305281145948,561.963999999999,2024-07-20T09:25:50.797514Z,-6.9087547793153,9.76236396247343e-06,FALSE,0.0479099992662668,0.00275854251927378
834,glmnet,qsar-biodeg,mcc,151,0,0,0.123234501347709,0.859520358868185,0.332376675882235,0.925600167603273,0.725572164037903,0.442644217051566,-6.16461740121676,504.663000000001,2024-07-20T09:40:46.692860Z,-6.90875477931522,8.34732398933036e-05,FALSE,0.442644217051566,0.00210252263332493
841,glmnet,kc1,ce,80,0,0,0.138460844053261,0.594448680674043,0.349668285272223,0.798207851972427,0.315534320600841,0.0164404429960996,-4.57021822427329,530.313999999999,2024-07-20T08:33:18.807158Z,-6.90875477931452,0.000163509002806415,FALSE,0.0164404429960996,0.0103556996059962
848,glmnet,kc1,bacc,19,0,0,0.139406454524938,0.59768904560957,0.350031262271206,0.799643678206014,0.316234351780775,0.850272164060734,-6.1098246783064,612.564,2024-07-20T07:35:01.716573Z,-6.90875477931508,,,0.850272164060734,0.00222094015765682
855,glmnet,kc1,logloss,111,0,0,0.141304445948996,0.592815343702863,0.348795952715729,0.799301509540195,0.301471964717235,0.00761199090629816,-6.01508538951447,517.001,2024-07-20T09:01:17.588882Z,-6.90875477931492,2.10143848894173e-05,FALSE,0.00761199090629816,0.0024416398652068
862,glmnet,kc1,auc,57,0,0,0.143676371022343,0.59141084932084,0.349514560210772,0.800384931204265,0.290846298193899,0.872070633806288,-8.17302504498524,476.576,2024-07-20T08:08:33.100190Z,-6.9087547793154,0.000151872221462856,FALSE,0.872070633806288,0.000282163167842559
869,glmnet,kc1,mcc,53,0,0,0.139406454524938,0.59768904560957,0.349242762295171,0.799921816003865,0.316113350985281,0.76663218671456,-6.41939460142153,592.813000000001,2024-07-20T08:12:20.889937Z,-6.90875477931515,0.000113684417584611,FALSE,0.76663218671456,0.00162964251947519
876,glmnet,pc4,ce,75,0,0,0.0843552196504487,0.724619587418301,0.224034199954337,0.916740706699346,0.549085376747165,0.960314522963017,-8.61261694847216,578.134999999998,2024-07-20T08:36:49.725899Z,-6.90875477931527,0.000164396367586894,FALSE,0.960314522963017,0.000181797532581465
883,glmnet,pc4,bacc,98,0,0,0.0995276334435522,0.736430249183007,1.03643197638638,0.90632404003268,0.542479488539029,0.8994525000453,-8.65766454514625,494.008000000002,2024-07-20T09:07:58.413738Z,-6.90875477931541,7.65906823687642e-10,FALSE,0.8994525000453,0.000173789711342241
890,glmnet,pc4,logloss,102,0,0,0.089149740198394,0.70023743872549,0.22198608895904,0.917435151143791,0.513726275313015,0.991806179052219,-7.83227696817797,530.644,2024-07-20T09:12:10.096403Z,-6.90875477931523,0.000196237036730461,FALSE,0.991806179052219,0.000396721129703632
897,glmnet,pc4,auc,73,0,0,0.0877798771846953,0.703405841503268,0.221960455544415,0.917782373366013,0.52322348978568,0.9990426634904,-7.88020745550658,491.301,2024-07-20T08:24:56.927737Z,-6.90875477931529,8.11751047938555e-05,FALSE,0.9990426634904,0.00037815459839082
904,glmnet,pc4,mcc,58,0,0,0.0843552196504487,0.724619587418301,0.22452360113806,0.916738153594771,0.549085376747165,0.903293422423303,-8.78993224602123,442.574,2024-07-20T08:11:49.558141Z,-6.90875477931527,0.000149807645678244,FALSE,0.903293422423303,0.00015225828344033
911,glmnet,pc3,ce,60,0,0,0.0997917687408133,0.570652862208713,0.277612545876759,0.820219414893617,0.264084416898271,0.667276748921722,-8.12693567475518,381.931000000001,2024-07-20T08:11:45.565341Z,-6.90875477931465,0.000186644828876893,FALSE,0.667276748921722,0.000295472238004439
918,glmnet,pc3,bacc,86,0,0,0.120300506287767,0.589673252279635,1.26575267783365,0.810130762411348,0.265896338903491,0.83402569568716,-8.30566366699737,535.514999999998,2024-07-20T08:38:46.888232Z,-6.90875477931525,1.51888181127293e-05,FALSE,0.83402569568716,0.000247113288894288
925,glmnet,pc3,logloss,69,0,0,0.101077902988731,0.578244680851064,0.267278907968181,0.826059397163121,0.266230283881839,0.99771223240532,-9.08089070931464,505.025999999999,2024-07-20T08:21:03.174131Z,-6.90875477931521,3.26552048111748e-05,FALSE,0.99771223240532,0.000113820181597071
932,glmnet,pc3,auc,135,0,0,0.101077902988731,0.578244680851064,0.267356385386639,0.826727773556231,0.266230283881839,0.998845261754468,-8.97762137796025,461.376,2024-07-20T09:26:47.686682Z,-6.90875477931518,1.28422156592749e-05,FALSE,0.998845261754468,0.000126202679241431
939,glmnet,pc3,mcc,63,0,0,0.0997958517066797,0.57342071935157,0.27504864376039,0.820530331813577,0.268667135514203,0.335280910599977,-8.41872615871231,526.24,2024-07-20T08:20:10.317971Z,-6.90875477931518,0.000166846660916381,FALSE,0.335280910599977,0.000220695605021594
946,glmnet,mfeat-morphological,ce,84,0,0,0.299,0.701,1.30194679734209,0.968094444444444,0.672735436096892,0.239700511330739,-2.68895989221229,476.305999999999,2024-07-20T08:32:34.614449Z,-6.90875477931524,2.65206996262776e-05,FALSE,0.239700511330739,0.0679515795957943
953,glmnet,mfeat-morphological,bacc,174,0,0,0.301,0.699,1.31106172752634,0.968761111111111,0.674203731338243,0.474634629208595,-2.86062401641019,599.500999999998,2024-07-20T10:04:43.157737Z,-6.90875477931514,8.5315511533171e-05,FALSE,0.474634629208595,0.0572330347670785
960,glmnet,mfeat-morphological,logloss,199,0,0,0.3045,0.6955,1.30994277672232,0.968305555555555,0.67012390874197,0.413701582932845,-2.81924855786505,592.017999999996,2024-07-20T10:31:16.050256Z,-6.90875477931522,0.00012387297950396,FALSE,0.413701582932845,0.0596507499587037
967,glmnet,mfeat-morphological,auc,126,0,0,0.3235,0.6765,1.40010066422279,0.969216666666667,0.649358593429164,0.906156414421275,-2.91131923522712,536.557,2024-07-20T09:02:20.249726Z,-6.90875477931517,0.000231082993324647,FALSE,0.906156414421275,0.0544039109507631
974,glmnet,mfeat-morphological,mcc,138,0,0,0.301,0.699,1.31227372824259,0.968327777777778,0.674228278158053,0.469893655041233,-2.85463662769221,410.21,2024-07-20T09:12:38.146137Z,-6.90875477931517,4.95907193859781e-05,FALSE,0.469893655041233,0.057576739112717
981,glmnet,churn,ce,170,0,0,0.1364,0.540172204692349,0.321501890162022,0.864457508972085,0.196030784544536,0.0261558257043362,-2.12718833145855,493.613999999996,2024-07-20T09:49:39.988172Z,-6.90875477931422,0.000138977353280262,FALSE,0.0261558257043362,0.119171895106564
988,glmnet,churn,bacc,122,0,0,0.1466,0.584434460615266,0.308831609304919,0.859770904933041,0.240861431005809,0.000839388463646174,-6.5599186686727,439.726999999998,2024-07-20T09:07:23.338692Z,-6.9087547793156,9.66608577164006e-05,FALSE,0.000839388463646174,0.00141600087089395
995,glmnet,churn,logloss,198,0,0,0.1474,0.576855253055712,0.308800325356154,0.861194713900577,0.226118109045325,0.967268143082038,-5.84411129340261,392.868000000002,2024-07-20T09:58:24.877764Z,-6.90875477931516,3.74329401106209e-05,FALSE,0.967268143082038,0.00289690807035595
1002,glmnet,churn,auc,140,0,0,0.138,0.526219592177666,0.327381938709348,0.864853511266548,0.160829428543528,0.04504115274176,-1.90568591903256,342.47,2024-07-20T09:13:53.583558Z,-6.90875477931512,6.83038676821578e-05,FALSE,0.04504115274176,0.148720597340492
1009,glmnet,churn,mcc,92,0,0,0.1468,0.584317910498716,0.308867026078019,0.859533973396404,0.240361840331566,0.0220143587794155,-7.86904862822995,324.377000000003,2024-07-20T08:33:14.425565Z,-6.90875477931518,0.000118559875484695,FALSE,0.0220143587794155,0.000382397991853501
1016,glmnet,sylvine,ce,109,0,0,0.0835282651072125,0.916465527723735,0.230844984878553,0.96599239245463,0.835914784711375,0.814809995004907,-5.31505676198536,449.180999999997,2024-07-20T08:56:28.645410Z,-6.90875477931523,6.28924628806064e-05,FALSE,0.814809995004907,0.00491699964876384
1023,glmnet,sylvine,bacc,130,0,0,0.0835282651072125,0.916465527723735,0.231054514181787,0.965989334759545,0.835914784711375,0.811956499703229,-5.29751894378283,419.076999999998,2024-07-20T09:16:26.059888Z,-6.90875477931529,4.57611700157495e-05,FALSE,0.811956499703229,0.00500399370794753
1030,glmnet,sylvine,logloss,96,0,0,0.0870416057504873,0.91295142266537,0.225498200896567,0.965945440507585,0.827839484879302,0.999890386825427,-6.46896122650097,458.893000000001,2024-07-20T08:34:44.263187Z,-6.90875477931521,3.59805759312388e-05,FALSE,0.999890386825427,0.00155083586369834
1037,glmnet,sylvine,auc,94,0,0,0.0848946911549708,0.915099100194553,0.22723473100675,0.966124971738585,0.83264328932607,0.992851014016196,-5.41873278818308,449.886999999999,2024-07-20T08:35:01.805433Z,-6.90875477931521,3.29047673124604e-05,FALSE,0.992851014016196,0.00443276033649398
1044,glmnet,sylvine,mcc,86,0,0,0.0837247197855751,0.916267935311284,0.246400582403118,0.965698277811132,0.837405267671313,0.685305533697829,-4.56394956527299,405.038999999998,2024-07-20T08:27:45.677818Z,-6.90875477931516,0.000113853729716289,FALSE,0.685305533697829,0.0104208198505919
1051,glmnet,sick,ce,125,0,0,0.0490463559429077,0.646298513878654,0.118517080146061,0.946531873217525,0.452936564688521,0.994505318580195,-4.83986889716118,466.079999999999,2024-07-20T09:23:35.337258Z,-6.90875477931522,9.56682439298358e-05,FALSE,0.994505318580195,0.00790809075678235
1058,glmnet,sick,bacc,94,0,0,0.0334056109918179,0.786212323684183,0.112084980024154,0.948508729442075,0.672331213071027,0.00108518567867577,-9.022584650592,515.612000000001,2024-07-20T08:55:48.574384Z,-6.90875477931516,1.06346411722475e-05,FALSE,0.00108518567867577,0.000120653874773313
1065,glmnet,sick,logloss,85,0,0,0.0490463559429077,0.642233173667404,0.116134126874333,0.953279253635298,0.449117124572173,0.968126664636657,-4.83627201205327,577.191000000004,2024-07-20T08:39:01.903202Z,-6.90875477931522,7.59641966484817e-05,FALSE,0.968126664636657,0.0079365864678346
1072,glmnet,sick,auc,118,0,0,0.0604458759631173,0.516594509948416,0.139573457005001,0.951935695685618,0.139158611399448,0.353353396290913,-3.59219297095873,594.724000000004,2024-07-20T09:10:16.479824Z,-6.90875477931531,2.21586882147471e-05,FALSE,0.353353396290913,0.0275378743995022
1079,glmnet,sick,mcc,116,0,0,0.0490463559429077,0.646298513878654,0.118310952210299,0.946858770324394,0.452882236182775,0.984941849950701,-4.83524519817686,565.428999999999,2024-07-20T09:03:56.133918Z,-6.9087547793152,4.27970449532071e-11,FALSE,0.984941849950701,0.00794474005034056
1086,glmnet,kr-vs-kp,ce,67,0,0,0.0281632053291536,0.971836320086151,0.0860693164261698,0.995548705143582,0.943846436385392,0.9126377038192,-8.9011106287145,536.886000000002,2024-07-20T08:27:06.910817Z,-6.90875477931522,4.62872887590267e-05,FALSE,0.9126377038192,0.000136237533110395
1093,glmnet,kr-vs-kp,bacc,52,0,0,0.0281632053291536,0.971836320086151,0.086064618858798,0.995552644633024,0.943846436385392,0.926906180102378,-8.91654055601463,579.542,2024-07-20T08:12:24.727831Z,-6.90875477931515,6.32161755445818e-05,FALSE,0.926906180102378,0.00013415153268297
1100,glmnet,kr-vs-kp,logloss,200,0,0,0.0287891849529781,0.971207971520125,0.0858514199060168,0.995501573041019,0.942600166297168,0.999997545499355,-8.44210429928767,544.285000000002,2024-07-20T10:23:27.059866Z,,3.67389540295183e-05,FALSE,0.999997545499355,0.000215595994111979
1107,glmnet,kr-vs-kp,auc,71,0,0,0.0284757053291536,0.971536918888546,0.08624887161781,0.995627200843442,0.943212118521509,0.98972360836342,-9.19227360386564,535.984,2024-07-20T08:21:53.771065Z,-6.90875477931531,3.67787396273743e-05,FALSE,0.98972360836342,0.000101823095947748
1114,glmnet,kr-vs-kp,mcc,91,0,0,0.0281632053291536,0.971836320086151,0.0861120837707425,0.995544769997226,0.943846436385392,0.888225683709607,-8.97985116794871,572.105000000002,2024-07-20T08:40:59.157496Z,-6.90875477931527,4.36384071272074e-05,FALSE,0.888225683709607,0.000125921587275232
1121,glmnet,analcatdata_authorship,ce,19,0,0,0.00117647058823529,0.999166666666667,0.00980961293816697,1,0.998310896633863,0.133007926414721,-8.63508216928462,725.97,2024-07-20T07:37:44.133891Z,-6.90875477931522,,,0.133007926414721,0.000177758944604387
1128,glmnet,analcatdata_authorship,bacc,5,0,0,0.00117647058823529,0.999166666666667,0.0178334798241362,1,0.998310896633863,0.345606727972627,-6.35180940970868,416.179,2024-07-20T07:23:31.059701Z,-6.90875477931519,,,0.345606727972627,0.00174358941270352
1135,glmnet,analcatdata_authorship,logloss,164,0,0,0.00236694677871148,0.998385416666667,0.00926196902407073,1,0.99658854971477,0.165250405669212,-9.21009722142777,567.268000000002,2024-07-20T09:47:32.709920Z,-6.90875477931522,3.08279846784551e-05,FALSE,0.165250405669212,0.00010002431801119
1142,glmnet,analcatdata_authorship,auc,3,0,0,0.00830532212885154,0.984270833333333,0.217447735937988,1,0.988166475924961,0.150560081442818,-1.85529021521676,550.512,2024-07-20T07:20:41.816721Z,-6.90875477931533,,,0.150560081442818,0.156407544238261
1149,glmnet,analcatdata_authorship,mcc,17,0,0,0.00117647058823529,0.999166666666667,0.0223783342509074,1,0.998310896633863,0.368025365611538,-5.86569784088144,514.861,2024-07-20T07:34:06.947829Z,-6.90875477931526,,,0.368025365611538,0.0028350439454516
1156,glmnet,segment,ce,150,0,0,0.154112554112554,0.845887445887446,0.492863064818976,0.982202982202982,0.821519381057084,0.753865795442835,-4.91482817152144,423.858999999999,2024-07-20T09:35:35.345319Z,-6.90875477931521,0.00017354902453312,FALSE,0.753865795442835,0.00733697848595802
1163,glmnet,segment,bacc,90,0,0,0.154112554112554,0.845887445887446,0.493856278038148,0.982189864008046,0.821519381057084,0.752230022801086,-4.90515247552545,377.139999999999,2024-07-20T08:32:24.818872Z,-6.90875477931522,0.000191632529134441,FALSE,0.752230022801086,0.00740831341031322
1170,glmnet,segment,logloss,97,0,0,0.158441558441558,0.841558441558442,0.479845428278235,0.981778827233373,0.816518662081667,0.989360284758732,-4.98780944428414,419.202000000001,2024-07-20T08:39:21.956615Z,-6.90875477931521,9.68413231384895e-05,FALSE,0.989360284758732,0.00682058902002105
1177,glmnet,segment,auc,152,0,0,0.154978354978355,0.845021645021645,0.49650825647116,0.982382264200446,0.820375923875768,0.643862071912736,-4.88645837445379,459.179000000003,2024-07-20T09:27:11.723964Z,-6.90875477931522,0.000175204323735535,FALSE,0.643862071912736,0.00754810776373168
1184,glmnet,segment,mcc,82,0,0,0.154112554112554,0.845887445887446,0.493247977927043,0.982198609471337,0.821519381057084,0.749686908442527,-4.91143069019262,553.94,2024-07-20T08:25:18.355338Z,-6.90875477931516,0.000205506025149441,FALSE,0.749686908442527,0.00736194812629904
1191,glmnet,ozone-level-8hr,ce,56,0,0,0.0548566804643491,0.647229350601,0.148857790286804,0.915947660709854,0.409495105907358,0.0283941368106753,-6.48720433269201,417.424999999999,2024-07-20T08:06:35.400184Z,-6.90875477931502,0.000184189202038719,FALSE,0.0283941368106753,0.00152280030572334
1198,glmnet,ozone-level-8hr,bacc,72,0,0,0.0580156235411285,0.648459162145871,0.150645301775962,0.917137693685069,0.39183806935487,0.920524301473051,-8.16444713127666,432.476,2024-07-20T08:20:09.946361Z,-6.90875477931504,0.000144727689698208,FALSE,0.920524301473051,0.00028459394976198
1205,glmnet,ozone-level-8hr,logloss,119,0,0,0.0564345958731443,0.623070573165975,0.147633172003553,0.916077411977449,0.371015042476581,0.000131236854940653,-5.50592033964089,591.784000000002,2024-07-20T09:00:48.146359Z,-6.90875477931528,3.59733286830596e-05,FALSE,0.000131236854940653,0.00406264784391203
1212,glmnet,ozone-level-8hr,auc,163,0,0,0.0584108804581246,0.648248191681736,0.149979666867192,0.917663457788179,0.388978898435559,0.981943654827774,-7.87883106634311,394.796,2024-07-20T09:41:29.802056Z,-6.90875477931528,2.10883882775148e-05,FALSE,0.981943654827774,0.000378675444643503
1219,glmnet,ozone-level-8hr,mcc,101,0,0,0.0556456381687467,0.646809182533773,0.148987779323785,0.916579242456476,0.40500166960651,0.832092412980273,-7.19526523591586,465.341000000002,2024-07-20T08:46:07.695776Z,-6.90875477931525,0.000181030620472555,FALSE,0.832092412980273,0.000750129097748088
1226,glmnet,steel-plates-fault,ce,172,0,0,0.314282315622522,0.587817526762219,0.871163649027174,0.940873088031933,0.58882448382617,0.448546919971705,-3.95924812461505,404.564000000008,2024-07-20T09:39:27.855179Z,-6.90875477931527,3.74837309814816e-05,FALSE,0.448546919971705,0.0190774527677061
1233,glmnet,steel-plates-fault,bacc,199,0,0,0.308104678826328,0.600637630089065,0.851975521972003,0.946701178428526,0.59756358809908,0.0438217094633728,-3.54440288931519,556.866999999998,2024-07-20T10:19:01.196653Z,-6.90875477931531,0.000125385457724851,FALSE,0.0438217094633728,0.0288858654200921
1240,glmnet,steel-plates-fault,logloss,191,0,0,0.312225746761829,0.591643152879486,0.856859894646003,0.944719413418648,0.591818259551998,0.25506367883645,-3.84667264595415,655.712000000001,2024-07-20T10:09:53.041965Z,-6.90875477931522,0.000153865632118394,FALSE,0.25506367883645,0.0213506595832824
1247,glmnet,steel-plates-fault,auc,95,0,0,0.309138250066085,0.600202033347498,0.846569419494669,0.94731156968527,0.596219202108347,0.0332280769944191,-3.59420742819741,445.543000000002,2024-07-20T08:27:40.522143Z,-6.90875477931518,0.000165751112085198,FALSE,0.0332280769944191,0.0274824563664499
1254,glmnet,steel-plates-fault,mcc,183,0,0,0.308104678826328,0.600418139307678,0.85031781223953,0.946812343374848,0.597563348825836,0.11722411471419,-3.70049842182087,392.996999999998,2024-07-20T09:40:43.111611Z,-6.90875477931515,3.59682246669915e-05,FALSE,0.11722411471419,0.0247112067957101
1261,glmnet,jm1,ce,85,0,0,0.187047446389024,0.544581822551172,0.446858382950017,0.713017877885646,0.190856935273566,0.166778095532209,-6.66501453058029,407.580999999999,2024-07-20T08:24:57.986740Z,-6.90875477931544,3.63572813808305e-07,FALSE,0.166778095532209,0.00127473810338577
1268,glmnet,jm1,bacc,175,0,0,0.187414840247394,0.546705241393855,0.446630404979433,0.713140712470293,0.193937447964888,0.113420834066346,-9.14001075816978,211.840999999999,2024-07-20T23:29:13.915833Z,-6.90875477931576,5.17036953808957e-05,FALSE,0.113420834066346,0.000107286175302611
1275,glmnet,jm1,logloss,168,0,0,0.187782318505915,0.545576226465382,0.446250348476849,0.714089172656126,0.190401251069582,0.804935979889706,-9.10318525956924,326.854000000001,2024-07-20T09:30:02.897629Z,-6.90875477931508,1.68464603856134e-06,FALSE,0.804935979889706,0.000111310689777953
1282,glmnet,jm1,auc,157,0,0,0.1930179130881,0.501184834123223,0.483373560361911,0.716364381635745,0.0230893550796918,0.618909247918055,-2.08861808303006,299.444,2024-07-20T09:07:59.140713Z,-6.90875477931521,0.000215412875834206,FALSE,0.618909247918055,0.123858179326148
1289,glmnet,jm1,mcc,143,0,0,0.187139273753579,0.546153815460338,0.446623088793657,0.713266013058756,0.193599067625531,0.977161170681939,-8.43927039214812,440.793999999998,2024-07-20T09:15:22.673764Z,-6.90875477931521,6.62486887681386e-07,FALSE,0.977161170681939,0.000216207839686243
1296,glmnet,spambase,ce,135,0,0,0.0693303781948505,0.923976220560172,0.23410827261632,0.97238921227467,0.854439838112825,0.987353042000905,-8.74655788607391,460.578000000001,2024-07-20T09:07:26.788728Z,-6.90875477931524,3.21984547295815e-05,FALSE,0.987353042000905,0.000159007706864324
1303,glmnet,spambase,bacc,95,0,0,0.0693303781948505,0.923976220560172,0.234089469744929,0.972383289527414,0.854439838112825,0.986489184899256,-8.73673283346074,370.867000000003,2024-07-20T08:37:09.033223Z,-6.90875477931524,1.39117160496958e-05,FALSE,0.986489184899256,0.000160577665785458
1310,glmnet,spambase,logloss,97,0,0,0.0728081674997642,0.92004907827534,0.232049440905877,0.972248821024222,0.847078474807623,0.999939847970381,-7.50702565687214,353.715,2024-07-20T08:39:55.151670Z,-6.90875477931522,3.14160686893098e-05,FALSE,0.999939847970381,0.000549212207312985
1317,glmnet,spambase,auc,183,0,0,0.0706347260209375,0.922512825245414,0.233378585264436,0.97250987058399,0.851680055353489,0.998356600990519,-8.48323607974984,366.400000000003,2024-07-20T09:38:53.500146Z,-6.90875477931519,3.42345551308134e-05,FALSE,0.998356600990519,0.000206908047213974
1324,glmnet,spambase,mcc,91,0,0,0.0693303781948505,0.923976220560172,0.234103552919084,0.972387250001879,0.854439838112825,0.985896122874692,-8.74599349699384,362.404000000004,2024-07-20T08:27:18.095641Z,-6.90875477931524,5.72638839051585e-05,FALSE,0.985896122874692,0.000159097474407253
1331,glmnet,wall-robot-navigation,ce,150,0,0,0.330271196693215,0.551543207013191,0.777352688405947,0.907244807423816,0.489372043672439,0.988336179638281,-4.41947652862098,412.674999999995,2024-07-20T09:19:00.116803Z,-6.90875477931528,2.04146372446383e-05,FALSE,0.988336179638281,0.012040533510005
1338,glmnet,wall-robot-navigation,bacc,116,0,0,0.328622845044863,0.567755292737184,0.75622701163516,0.908016473024795,0.4912945328702,0.00164803955703974,-3.83601760561537,166.338000000001,2024-07-20T23:06:46.956279Z,-6.90875477931535,4.50051707043596e-05,FALSE,0.00164803955703974,0.0215793680073781
1345,glmnet,wall-robot-navigation,logloss,185,0,0,0.331372114124408,0.56250513528448,0.757762536190473,0.907884861939041,0.48679812996887,0.044240256305784,-3.87188202200487,151.675999999999,2024-07-20T23:09:00.539146Z,-6.90875477931522,0.000126053798079035,FALSE,0.044240256305784,0.0208191504320509
1352,glmnet,wall-robot-navigation,auc,193,0,0,0.333571932654501,0.555085480715391,0.761028154276456,0.907710420804571,0.483232135590316,0.142088889842853,-3.94361557686163,127.707000000001,2024-07-20T23:11:51.880250Z,-6.90875477931517,0.000161290950372904,FALSE,0.142088889842853,0.0193780251944722
1359,glmnet,wall-robot-navigation,mcc,139,0,0,0.331186611553584,0.551965309246766,0.772526293091778,0.906152056477975,0.487731360936595,0.554615378612652,-4.21007321165604,135.553999999999,2024-07-20T22:52:51.251693Z,-6.9087547793152,9.08153404682054e-05,FALSE,0.554615378612652,0.0148452814506616
1366,glmnet,splice,ce,144,0,0,0.0360501567398119,0.961255905371315,0.247765508353108,0.99565294885412,0.941694039593161,0.0363549333997071,-1.64420617765369,145.895,2024-07-20T22:57:19.508564Z,-6.90875477931523,7.46283107192198e-05,FALSE,0.0363549333997071,0.193165841309131
1373,glmnet,splice,bacc,146,0,0,0.0382445141065831,0.961482704570847,0.129883699339377,0.995822881142059,0.938541570982627,0.974418657133356,-5.36502309100283,151.815999999999,2024-07-20T22:58:09.764836Z,-6.90875477931514,5.63056495877411e-05,FALSE,0.974418657133356,0.00467735223455782
1380,glmnet,splice,logloss,174,0,0,0.0385579937304075,0.960123849236088,0.124569512134581,0.995634944550463,0.937912474961342,0.977006978355348,-5.91728677179886,207.514000000001,2024-07-21T11:35:37.218363Z,-6.90875477931522,3.65669525199298e-05,FALSE,0.977006978355348,0.0026924956304392
1387,glmnet,splice,auc,,,,,,,,,,,,,,,,,
