job_id,learner,task,measure,batch_nr,errors,warnings,ce,bacc,logloss,auc,mcc,learning_rate,num_leaves,min_data_in_leaf,bagging_fraction,bagging_freq,feature_fraction,extra_trees,lambda_l1,lambda_l2,min_gain_to_split,runtime_learners,timestamp,y_trafo,acq_log_ei,.already_evaluated,x_domain_learning_rate,x_domain_num_leaves,x_domain_min_data_in_leaf,x_domain_bagging_fraction,x_domain_bagging_freq,x_domain_feature_fraction,x_domain_extra_trees,x_domain_lambda_l1,x_domain_lambda_l2,x_domain_min_gain_to_split,num_iterations,x_domain_num_iterations
7,lightgbm,blood-transfusion-service-center,ce,479,0,0,0.16845045045045,0.709451324389405,0.522178363224711,0.720258571264763,0.491264316999941,-0.557822232157609,162,26,0.242006802232936,5,0.980566714447923,FALSE,-1.67363305642991,-3.08208629868089,-3.11319659388555,216.813000000006,2024-07-11T02:29:48.529931Z,-6.90875477931513,1.47368715610641e-06,FALSE,0.572454380092004,162,26,0.242006802232936,5,0.980566714447923,FALSE,0.187564394269208,0.0458634718651,0.0444586118275532,56,56
14,lightgbm,blood-transfusion-service-center,bacc,768,0,0,0.216558558558559,0.737934296525628,0.554818666944284,0.743882582272675,0.450051086268163,-0.351350320263812,180,22,0.137015874497592,5,0.509959484054707,FALSE,-5.66749811970686,-4.8471131659455,-3.7890921316898,114.856000000007,2024-07-11T04:05:44.049657Z,-6.9087547793152,1.16926188438676e-09,FALSE,0.703737177274159,180,22,0.137015874497592,5,0.509959484054707,FALSE,0.00345650222208812,0.00785100942764759,0.0226161249967396,68,68
21,lightgbm,blood-transfusion-service-center,logloss,905,0,0,0.196558558558559,0.629557963536292,0.453438862879604,0.772752551312923,0.342732838002461,-1.46043300560472,120,12,0.496921378653497,6,0.895633330289275,TRUE,-2.39185910694285,-2.8328851689177,-6.14284867211839,108.35999999999,2024-07-11T04:45:15.339120Z,-6.90875477931547,7.58326936258995e-07,FALSE,0.232135736889476,120,12,0.496921378653497,6,0.895633330289275,TRUE,0.091459492746812,0.0588428369996393,0.00214879368270255,63,63
28,lightgbm,blood-transfusion-service-center,auc,590,0,0,0.225873873873874,0.548787409700722,0.486137756762677,0.783840729274166,0.134147594639043,-2.73558449076232,218,2,0.995173676637933,8,0.982011876720935,TRUE,-6.69316763531719,-6.81819450603258,-4.08590731917788,136.931000000004,2024-07-11T03:17:05.211347Z,-6.90875477931538,3.87443229317123e-07,FALSE,0.0648560882388796,218,2,0.995173676637933,8,0.982011876720935,TRUE,0.00123935073745543,0.00109369379829073,0.0168078822815766,49,49
35,lightgbm,blood-transfusion-service-center,mcc,988,0,0,0.16572972972973,0.713759889920881,0.527744615907754,0.738370026373122,0.500776474500391,-0.0566296492828495,58,31,0.34981826832518,8,0.570775676891208,FALSE,-6.56014787922728,-2.32005831287275,-4.73247496492154,133.480000000014,2024-07-11T05:16:17.013731Z,-6.90875477931516,5.73438235849247e-07,FALSE,0.944943965245625,58,31,0.34981826832518,8,0.570775676891208,FALSE,0.00141567634574276,0.098267855156351,0.00880465284429377,68,68
42,lightgbm,balance-scale,ce,574,0,0,0.471991807475679,0.62,1.57663590533588,0.690223656644584,0.505454790355197,-4.92969284874503,100,5,0.36201143451035,4,0.125885986629874,FALSE,-3.45020237368255,-5.14049134025086,-6.66986190636732,143.745999999999,2024-07-11T03:01:43.893649Z,-6.90875477931524,1.34190494432529e-06,FALSE,0.00722872325184425,100,5,0.36201143451035,4,0.125885986629874,FALSE,0.0317392125467583,0.0058548123015544,0.0012685739208931,29,29
49,lightgbm,balance-scale,bacc,849,0,0,0.472017409114183,0.618333333333333,1.57528232783034,0.689564011097899,0.504172303413863,-5.2986198231914,229,15,0.365210245130584,8,0.368342810613103,FALSE,-4.33879937459189,-1.26211511677194,-5.14262602497725,110.457000000009,2024-07-11T04:07:35.123668Z,-6.9087547793151,9.0448767979943e-07,FALSE,0.00499848794546019,229,15,0.365210245130584,8,0.368342810613103,FALSE,0.0130521895902805,0.283054699157984,0.00584232745350664,50,50
56,lightgbm,balance-scale,logloss,732,10,0,0.532795698924731,0.340229885057471,0.913682618973526,0,0.0182968934359021,-6.69087217317182,110,1,0.000798326684162021,10,0.212484053219669,TRUE,-4.06147882510419,-3.36982879542701,-2.79145039275557,,2024-07-11T03:40:55.030282Z,-6.90875477931522,9.23936069969167e-06,FALSE,0.00124219888781815,110,1,0.000798326684162021,10,0.212484053219669,TRUE,0.0172235296847062,0.0343955255106757,0.0613321936041119,,
63,lightgbm,balance-scale,auc,564,0,0,0.492703533026114,0.542701149425287,1.69177288751258,0.689355925485533,0.447160122745397,-2.82880780114052,181,31,0.997999311657622,0,0.876666731084697,FALSE,-4.13294663870952,1.82713873944657,-3.0785743305556,155.833000000002,2024-07-11T03:57:43.226964Z,-6.90875477931515,3.43205580005031e-05,FALSE,0.0590832506815676,181,31,0.997999311657622,0,0.876666731084697,FALSE,0.0160355581420031,6.21607537804274,0.0460248260860013,150,150
70,lightgbm,balance-scale,mcc,933,0,0,0.479902713773682,0.586666666666667,1.54952119044397,0.689762187871581,0.484492522471849,-0.474669101587292,98,40,0.796393118798733,1,0.768304522754625,FALSE,-0.116613855521569,3.9098020079462,-6.66816673406683,108.891,2024-07-11T05:53:10.426017Z,-6.90875477931518,3.93575362776177e-07,FALSE,0.622090871293113,98,40,0.796393118798733,1,0.768304522754625,FALSE,0.889928767904321,49.8890733554006,0.00127072619598808,32,32
77,lightgbm,ilpd,ce,684,0,0,0.200555230859147,0.712522417503587,0.513297638665734,0.789492168818747,0.484763558551982,-0.000376383049969422,29,19,0.586109273368493,4,0.77283022031188,TRUE,-1.27387911841325,-1.93209930481998,-5.92995637445434,144.569999999996,2024-07-11T03:41:18.042150Z,-6.90875477931515,9.08992042753548e-06,FALSE,0.999623687773245,29,19,0.586109273368493,4,0.77283022031188,TRUE,0.279744352849173,0.144843807787153,0.0026585979690336,46,46
84,lightgbm,ilpd,bacc,497,0,0,0.200467562828755,0.760942517250803,0.748597540979073,0.77046056227369,0.517961601607613,-0.0973011091897228,218,10,0.520635097753257,10,0.923839228856377,TRUE,-5.42344021076388,-1.00588195117251,-5.63189448124047,148.374999999996,2024-07-11T02:37:02.519820Z,-6.90875477931508,4.53941825220275e-07,FALSE,0.907282773818083,218,10,0.520635097753257,10,0.923839228856377,TRUE,0.00441194249801546,0.365721943629007,0.00358178327443414,94,94
91,lightgbm,ilpd,logloss,768,0,0,0.25020455873758,0.633437734850038,0.476848482038506,0.778304553528729,0.30591774647139,-1.99276089118172,194,4,0.323670547455549,2,0.806397454463877,TRUE,-5.73451914497638,-3.49622895121525,-4.98093062829081,119.147000000008,2024-07-11T04:07:38.309545Z,-6.9087547793153,3.29343958493963e-05,FALSE,0.136318544753517,194,4,0.323670547455549,2,0.806397454463877,TRUE,0.00323243632794722,0.0303114742141416,0.00686766833619056,92,92
98,lightgbm,ilpd,auc,893,0,0,0.250379894798364,0.658353829336613,0.501463570307611,0.811047986267678,0.343506454911596,-1.11866176423794,190,2,0.201409653993323,2,0.356863441970199,TRUE,-4.62269334258954,-5.82350305887216,-6.73042007772525,114.709000000003,2024-07-11T04:27:35.912868Z,-6.90875477931519,5.53357305293393e-07,FALSE,0.326716726206169,190,2,0.201409653993323,2,0.356863441970199,TRUE,0.00982629481042351,0.00295722763637314,0.00119403126683543,39,39
105,lightgbm,ilpd,mcc,773,0,0,0.197106954997078,0.752354905376785,0.658588619873092,0.772977300676368,0.51497985594054,-0.645071150789997,230,8,0.336366198956966,10,0.951054025418125,TRUE,-2.00672642003962,-3.3500770454399,-4.9902668847402,117.914000000004,2024-07-11T03:53:38.038195Z,-6.90875477931528,1.0523989609202e-05,FALSE,0.524625213280244,230,8,0.336366198956966,10,0.951054025418125,TRUE,0.134428016026307,0.0350816511154774,0.0068038484065842,98,98
112,lightgbm,dresses-sales,ce,792,0,0,0.284,0.688834154351396,0.641119336517364,0.676518883415435,0.411280756222563,-0.257046106023925,89,68,0.597452993504703,7,0.950308795226738,FALSE,-4.52242033683365,-3.62426035969841,-6.50062542121109,123.901000000005,2024-07-11T04:06:38.622823Z,-6.90875477931529,1.04112816109394e-06,FALSE,0.77333255765407,89,68,0.597452993504703,7,0.950308795226738,FALSE,0.0108627004318868,0.0266688153739751,0.0015024992041918,53,53
119,lightgbm,dresses-sales,bacc,662,0,0,0.288,0.691954022988506,0.702879341808622,0.647454844006568,0.406805268094643,-0.139214866370376,136,49,0.668736865045503,6,0.707995049073361,FALSE,-4.98997971829405,-5.13737428965238,-6.66324325927344,120.334999999999,2024-07-11T03:28:06.206657Z,-6.90875477931512,7.84039046255513e-07,FALSE,0.87004106580709,136,49,0.668736865045503,6,0.707995049073361,FALSE,0.00680580252411633,0.0058730905200096,0.00127699801127619,75,75
126,lightgbm,dresses-sales,logloss,715,0,0,0.336,0.629556650246305,0.615916801255575,0.688998357963875,0.284493306274843,-0.139262690274276,126,51,0.660320921102539,8,0.740001967432909,FALSE,-6.78342201329451,-5.79337262267815,-6.89685435713854,120.017999999996,2024-07-11T03:47:08.451862Z,-6.90875477931536,9.05928857660874e-07,FALSE,0.8699994580417,126,51,0.660320921102539,8,0.740001967432909,FALSE,0.00113239319591806,0.00304768612848753,0.00101096055337469,30,30
133,lightgbm,dresses-sales,auc,840,0,0,0.336,0.632840722495895,0.624906823315244,0.716174055829228,0.300716115399204,-0.158809481822051,162,124,0.879451037151739,10,0.450989829935134,FALSE,-2.04833214528071,-0.258471662052779,-3.32622588541555,158.883999999995,2024-07-11T05:25:33.969538Z,-6.90875477931541,8.59972381330471e-07,FALSE,0.853158885762902,162,124,0.879451037151739,10,0.450989829935134,FALSE,0.128949793857351,0.77223091417801,0.035928447585949,12,12
140,lightgbm,dresses-sales,mcc,936,0,0,0.288,0.688013136288998,0.677464342732924,0.622906403940887,0.411403812044889,-0.154171566746039,72,54,0.522391642211005,4,0.848459966247901,FALSE,-6.33476867313649,-0.791286513505934,-4.97975134727325,102.231000000018,2024-07-11T05:52:22.373259Z,-6.90875477931517,1.50166173919041e-11,FALSE,0.857124954256585,72,54,0.522391642211005,4,0.848459966247901,FALSE,0.00177355606231019,0.453261293245733,0.00687577202441801,61,61
147,lightgbm,banknote-authentication,ce,255,0,0,0,1,0.0345867976256963,1,1,-0.311933633601088,177,48,0.78595225345682,0,0.628657770266418,TRUE,-2.63725620816559,-4.58229501715175,-5.73739208841094,275.783000000003,2024-07-11T00:28:14.812434Z,-6.90875477931522,,,0.732030108818453,177,48,0.78595225345682,0,0.628657770266418,TRUE,0.0715573388887977,0.0102313881196671,0.00322316304840332,22,22
154,lightgbm,banknote-authentication,bacc,217,0,0,0,1,0.044360169828742,1,1,-0.0831783585484918,119,157,0.998483188486743,2,0.944594902784479,TRUE,-5.76324167428435,-3.61508824925307,-6.04350332701652,283.728000000003,2024-07-11T00:10:44.218108Z,-6.90875477931533,,,0.920187009363534,119,157,0.998483188486743,2,0.944594902784479,TRUE,0.00314091325978548,0.0269145499234932,0.00237323013167522,23,23
161,lightgbm,banknote-authentication,logloss,816,0,0,0,1,0.000188014118661437,1,1,-0.0961319799959886,120,89,0.860450192121789,1,0.121677641756833,TRUE,-6.17762355806208,-5.30435577896098,-6.90235990843129,118.645999999993,2024-07-11T04:32:00.954069Z,-6.90875477931522,0.000121329890639248,FALSE,0.908344124903301,120,89,0.860450192121789,1,0.121677641756833,TRUE,0.0020753539572035,0.0049698989107938,0.00100540995177444,831,831
168,lightgbm,banknote-authentication,auc,16,0,0,0.0101978207976304,0.990014763062649,0.0663909035811946,1,0.979600727873671,-2.41068840458616,203,75,0.579772375408052,7,0.499177754357119,FALSE,-3.75494915423331,0.144688990239424,-5.57649924891958,364.886,2024-07-10T22:01:23.844051Z,-6.90875477931533,,,0.0897534865884471,203,75,0.579772375408052,7,0.499177754357119,FALSE,0.0234016404533122,1.15568008658242,0.0037857954754893,97,97
175,lightgbm,banknote-authentication,mcc,172,0,0,0,1,0.0805708545174874,1,1,-0.71267220971927,150,47,0.941027522432533,0,0.796140150618062,FALSE,-4.60576902132893,-6.08193524384029,-6.04641779059563,316.442000000001,2024-07-10T23:46:33.832177Z,-6.90875477931533,,,0.490332174838619,150,47,0.941027522432533,0,0.796140150618062,FALSE,0.00999401343925264,0.00228375275519021,0.00236632350833149,8,8
182,lightgbm,diabetes,ce,826,0,0,0.182347915242652,0.778358974358974,0.494679145947935,0.824323361823362,0.591793892715026,-0.612014654029061,166,68,0.470742149045691,10,0.727589736972004,FALSE,-1.12365149662294,1.68269506138012,-4.17173307016201,105.393999999997,2024-07-11T04:23:05.238446Z,-6.90875477931519,1.57485810311342e-07,FALSE,0.542257307001426,166,68,0.470742149045691,10,0.727589736972004,FALSE,0.325090557623668,5.38003597729089,0.0154255034652335,22,22
189,lightgbm,diabetes,bacc,351,0,0,0.185013670539986,0.799005698005698,0.541792564206547,0.831088319088319,0.598706624084715,-0.586454227310042,43,8,0.110335815697908,4,0.712274427642115,TRUE,-3.81332303404422,-0.545804425270662,-6.63368162007541,407.138999999994,2024-07-11T01:29:13.789854Z,-6.90875477931531,1.50176803987159e-05,FALSE,0.556296292045246,43,8,0.110335815697908,4,0.712274427642115,TRUE,0.0220747019552493,0.579375531513861,0.00131531168309119,49,49
196,lightgbm,diabetes,logloss,881,0,0,0.226589200273411,0.734065527065527,0.447035766804413,0.857213675213675,0.48861453366869,-1.42341428031182,182,21,0.374148894334212,1,0.917601676564664,TRUE,-5.61432632122229,-2.40566151181793,-5.42194667461437,105.896999999994,2024-07-11T04:35:05.031444Z,-6.90875477931513,9.97980332066324e-06,FALSE,0.240890144753617,182,21,0.374148894334212,1,0.917601676564664,TRUE,0.00364526460853483,0.090205803663328,0.00441853681682673,46,46
203,lightgbm,diabetes,auc,649,0,0,0.238397129186603,0.699150997150997,0.468099507360225,0.8617849002849,0.446791141088966,-2.42180256429805,36,3,0.11254162946716,8,0.650030523026362,TRUE,-0.683019850373712,-2.45228884507716,-6.82544396224018,144.330999999995,2024-07-11T03:22:05.473156Z,-6.90875477931513,1.08484160059935e-06,FALSE,0.0887614749034179,36,3,0.11254162946716,8,0.650030523026362,TRUE,0.505089392574178,0.0860962997142937,0.00108579378300142,119,119
210,lightgbm,diabetes,mcc,1019,0,0,0.17447026657553,0.796925925925926,0.479690628639113,0.846740740740741,0.614963476207977,-1.16409528676218,49,20,0.428730350220576,2,0.876095406734385,TRUE,-5.65365575730468,-1.27254346521205,-4.86531729033394,107.838999999996,2024-07-11T05:15:21.620582Z,-6.9087547793153,5.00364674628875e-07,FALSE,0.312204990287963,49,20,0.428730350220576,2,0.876095406734385,TRUE,0.00350468106368576,0.280118243928398,0.00770938169106669,61,61
217,lightgbm,breast-w,ce,1004,0,0,0.0114492753623188,0.989239130434783,0.0934709902075079,0.993457367149758,0.975368388430053,-0.662658146580153,205,54,0.257261695573106,1,0.590588368452154,FALSE,-5.6505146910165,-4.78171750685708,-5.76411541381679,103.634999999995,2024-07-11T05:15:51.863343Z,-6.90875477931522,1.16864863030136e-05,FALSE,0.515479292237061,205,54,0.257261695573106,1,0.590588368452154,FALSE,0.00351570680645491,0.00838159115799031,0.00313817011827252,57,57
224,lightgbm,breast-w,bacc,917,0,0,0.0157349896480331,0.986974637681159,0.12102805838492,0.992865297906602,0.96645102619813,-1.52221854297084,64,43,0.280384186422452,9,0.233209549542516,FALSE,-6.50960864230419,-6.24529993566959,-4.7330145223489,107.253000000008,2024-07-11T04:52:27.859998Z,-6.90875477931511,9.77517425660455e-06,FALSE,0.218227203077578,64,43,0.280384186422452,9,0.233209549542516,FALSE,0.00148906236505738,0.00193954875074942,0.00879990350984091,61,61
231,lightgbm,breast-w,logloss,547,0,0,0.0200207039337474,0.97687077294686,0.0468466988234789,0.997792632850242,0.95669565791655,-0.0213053907665547,226,28,0.414362021489069,3,0.914458149811253,TRUE,-6.52925104145134,-3.23971798398053,-6.41351992711252,179.059999999994,2024-07-11T02:55:12.170352Z,-6.90875477931522,2.83038154363734e-05,FALSE,0.978919965797301,226,28,0.414362021489069,3,0.914458149811253,TRUE,0.00146009899399936,0.0391749415023479,0.00163924431461225,67,67
238,lightgbm,breast-w,auc,925,0,0,0.027184265010352,0.971471014492754,0.0845369542089406,0.998015056360708,0.940710627590778,-0.816309351938331,135,30,0.293941547395661,10,0.893921227240935,TRUE,-5.16938727156437,-4.84536933608638,-2.6937850847417,119.217000000004,2024-07-11T04:49:39.293935Z,-6.90875477931521,5.63739408113238e-05,FALSE,0.442060135965525,135,30,0.293941547395661,10,0.893921227240935,TRUE,0.00568805298349367,0.00786471219648803,0.0676244899115391,73,73
245,lightgbm,breast-w,mcc,594,0,0,0.0128778467908903,0.988152173913043,0.0874609594466863,0.992289331723027,0.972327907401682,-0.194950162812675,243,83,0.473314688773826,1,0.485500289290212,FALSE,-3.59348118786528,-3.90960908791012,-2.47711673536038,148.283999999992,2024-07-11T04:22:51.610550Z,-6.90875477931526,3.02242182901279e-05,FALSE,0.822875666842883,243,83,0.473314688773826,1,0.485500289290212,FALSE,0.0275024224839116,0.0200483366672529,0.0839850278958569,25,25
252,lightgbm,tic-tac-toe,ce,278,0,0,0,1,0.0868921584452085,1,1,-0.573730125615549,233,41,0.751202766783536,3,0.988445006054826,FALSE,-6.31771911605761,-5.8312083735718,-5.78109716661989,275.325000000003,2024-07-11T01:43:09.909883Z,-6.90875477931522,0.000105441169583987,FALSE,0.563419887201546,233,41,0.751202766783536,3,0.988445006054826,FALSE,0.00180405365407438,0.00293452882982606,0.00308532843117138,29,29
259,lightgbm,tic-tac-toe,bacc,309,0,0,0,1,0.0532132593224493,1,1,-0.192621699198193,192,61,0.868279752088711,9,0.97754915303085,FALSE,-4.94844581817152,-6.81215852945057,-4.87910629668868,302.625000000002,2024-07-11T01:50:00.285673Z,-6.90875477931533,0.000119674201027457,FALSE,0.824793935334865,192,61,0.868279752088711,9,0.97754915303085,FALSE,0.00709442639384743,0.0011003152718715,0.007603806538963,36,36
266,lightgbm,tic-tac-toe,logloss,417,0,0,0,1,0.00386992337823745,1,1,-1.40689957252147,137,50,0.981073836330324,1,0.88066941590514,FALSE,-6.02798029660982,-4.24449144991829,-6.85060680052058,165.042999999996,2024-07-11T01:39:26.142237Z,-6.90875477931522,4.45044378001236e-05,FALSE,0.244901406342912,137,50,0.981073836330324,1,0.88066941590514,FALSE,0.00241035727251559,0.0143430259716362,0.00105881300965161,655,655
273,lightgbm,tic-tac-toe,auc,245,0,0,0.0198245614035088,0.973465749936338,0.127909290816935,1,0.956864253010002,-2.07465365475237,200,64,0.883933339830996,10,0.849297209350562,FALSE,-6.30723697851993,-1.86685623787852,-2.63079718243942,254.010999999999,2024-07-11T00:18:03.782649Z,-6.90875477931533,,,0.125599920896601,200,64,0.883933339830996,10,0.849297209350562,FALSE,0.00182306345019201,0.154608952364506,0.0720210254512496,157,157
280,lightgbm,tic-tac-toe,mcc,290,0,0,0,1,0.0759073955914312,1,1,-0.714246902274606,125,43,0.455664785811678,1,0.867411059769802,TRUE,-6.12736726623634,-5.81340494707372,-5.87925696752758,250.852999999997,2024-07-11T00:55:36.901578Z,-6.90875477931533,7.95130971292985e-05,FALSE,0.489560660022003,125,43,0.455664785811678,1,0.867411059769802,TRUE,0.00218231886877763,0.00298724133746759,0.0027968626629374,159,159
287,lightgbm,Australian,ce,495,0,0,0.0739130434782609,0.92398328327021,0.30273116154208,0.946089417091115,0.850880438195417,-0.565252493870085,189,69,0.59243599139154,2,0.830772824957967,FALSE,-5.91564584978124,-3.71634772087741,-5.83502318728559,192.047999999995,2024-07-11T02:34:06.714672Z,-6.90875477931523,2.73662040705099e-05,FALSE,0.568216657420335,189,69,0.59243599139154,2,0.830772824957967,FALSE,0.00269691743272569,0.0243226388876427,0.00292335547468705,66,66
294,lightgbm,Australian,bacc,683,0,0,0.0782608695652174,0.9208325715032,0.337861964516484,0.93348453847605,0.843005417062358,-1.12107556300269,45,25,0.330298386514187,5,0.680551766441204,FALSE,-5.82811828835326,-5.71583897210407,-2.65485777260858,124.621000000003,2024-07-11T03:23:56.468687Z,-6.90875477931532,1.15199464832825e-05,FALSE,0.325929048805844,45,25,0.330298386514187,5,0.680551766441204,FALSE,0.00294361079878881,0.00329338630302918,0.0703088377967301,41,41
301,lightgbm,Australian,logloss,1072,0,0,0.108695652173913,0.889610160637325,0.275731274614913,0.953558835052893,0.781773663598702,-1.13126572154214,125,34,0.402277403278276,3,0.718827336886898,TRUE,-3.14434018059613,-1.90956409265059,-2.96387241043211,103.756999999994,2024-07-11T05:36:16.083777Z,-6.90875477931522,5.85939368218901e-07,FALSE,0.322624644919513,125,34,0.402277403278276,3,0.718827336886898,TRUE,0.0430953498158879,0.14814494999509,0.0516186410831657,148,148
308,lightgbm,Australian,auc,345,0,0,0.12463768115942,0.873096730660398,0.322896745910382,0.956988449204069,0.752686087496877,-1.75857596544218,53,12,0.26358194462955,4,0.918468496738933,TRUE,-6.74115616860424,-3.84065270556533,-3.09928195710265,256.766,2024-07-11T01:32:37.430939Z,-6.90875477931525,1.74296707862621e-05,FALSE,0.172290036180153,53,12,0.26358194462955,4,0.918468496738933,TRUE,0.00118128060723617,0.0214795769292779,0.0450815612695081,78,78
315,lightgbm,Australian,mcc,417,0,0,0.0797101449275362,0.917768708371425,0.309193517720001,0.94477711026947,0.840573592653084,-1.41283664923804,246,44,0.468880438478664,10,0.746322080213577,FALSE,-1.69211748502618,-4.28731283032897,-5.19383848929695,223.384000000002,2024-07-11T03:11:14.898682Z,-6.9087547793152,8.85027995883405e-06,FALSE,0.243451715626286,246,44,0.468880438478664,10,0.746322080213577,FALSE,0.184129220041119,0.0137418022821349,0.0055506597229012,53,53
322,lightgbm,credit-approval,ce,394,0,0,0.0797101449275362,0.919375516956162,0.335653799313737,0.941265291019111,0.839892124763657,-0.523183995359616,91,64,0.673491154098883,9,0.857466771733016,FALSE,-3.54783440949057,-5.02120000552907,-5.35229058735528,260.454999999994,2024-07-11T02:59:36.628577Z,-6.90875477931521,6.06454699713947e-05,FALSE,0.592630607681473,91,64,0.673491154098883,9,0.857466771733016,FALSE,0.0287869128660625,0.00659660599414825,0.00473728739154259,44,44
329,lightgbm,credit-approval,bacc,677,0,0,0.0826086956521739,0.917148578642636,0.333351439377762,0.944675968249822,0.83525165017664,-0.651808286759166,101,60,0.684968578396365,10,0.920216619968414,FALSE,-4.57704563781266,-2.92956055294729,-5.15827813225435,156.886000000002,2024-07-11T03:44:44.172046Z,-6.90875477931528,7.51549713504009e-06,FALSE,0.521102621299989,101,60,0.684968578396365,10,0.920216619968414,FALSE,0.0102852377720424,0.0534205084728387,0.00575159464961306,34,34
336,lightgbm,credit-approval,logloss,354,0,0,0.117391304347826,0.8810528492447,0.265627263041951,0.952654143630375,0.763702799732521,-0.135044287416117,141,81,0.748451413586736,8,0.484858845919371,FALSE,-4.30589047492733,0.77409321612305,-4.57612128787671,177.473999999998,2024-07-11T01:33:45.874262Z,-6.90875477931519,1.17795542711473e-05,FALSE,0.873677217924715,141,81,0.748451413586736,8,0.484858845919371,FALSE,0.0134888686928759,2.16862476136169,0.0102947493262432,53,53
343,lightgbm,credit-approval,auc,876,0,0,0.121739130434783,0.875411170606417,0.288586631431503,0.956363966160231,0.756516748841271,-1.07495587400981,217,38,0.519744949648157,10,0.78672046654392,TRUE,-3.7164920240994,-4.25337507741655,-4.29856110795442,102.998999999996,2024-07-11T05:31:36.126694Z,-6.90875477931524,1.19652180218766e-05,FALSE,0.341312815734672,217,38,0.519744949648157,10,0.78672046654392,TRUE,0.0243191293057121,0.0142161721669419,0.0135880967568153,73,73
350,lightgbm,credit-approval,mcc,1073,0,0,0.0840579710144928,0.914941447912585,0.339491251892467,0.935257933916678,0.832583246420652,-1.86865207054583,97,13,0.118492765817791,2,0.722663036803715,FALSE,-6.50303624347996,-4.44696737267589,-2.94197168725175,113.83500000001,2024-07-11T06:12:02.426360Z,-6.90875477931521,2.89435902212699e-07,FALSE,0.154331549716113,97,13,0.118492765817791,2,0.722663036803715,FALSE,0.00149888130845546,0.0117140374689131,0.0527615967465376,84,84
357,lightgbm,climate-model-simulation-crashes,ce,444,0,0,0.0185185185185185,0.8925,0.114652792823346,0.95659693877551,0.871407572293712,-0.501967470043279,46,72,0.969355599489063,2,0.992750202142633,TRUE,-1.81956629590875,-5.0242152516053,-4.30182014898613,179.576000000001,2024-07-11T02:51:35.642624Z,-6.90875477931523,9.64731381931345e-05,FALSE,0.605338501961214,46,72,0.969355599489063,2,0.992750202142633,TRUE,0.162096037405611,0.00657674556090173,0.0135438846755681,32,32
364,lightgbm,climate-model-simulation-crashes,bacc,731,0,0,0.0185185185185185,0.937418367346939,0.0881809867474194,0.96569387755102,0.883030484608532,-0.0804396744773269,77,57,0.652237791568041,3,0.861659710668027,TRUE,-4.62012616958152,-5.65992414181544,-6.71599304725651,115.893000000002,2024-07-11T10:33:32.324973Z,-6.90875477931531,2.02250498321629e-06,FALSE,0.922710564901944,77,57,0.652237791568041,3,0.861659710668027,TRUE,0.00985155301645032,0.00348278108564153,0.0012113824544044,50,50
371,lightgbm,climate-model-simulation-crashes,logloss,957,0,0,0.0296296296296296,0.860918367346939,0.0901667664945361,0.960561224489796,0.794099825347486,-0.219724305686428,199,68,0.996753309853375,1,0.854137451085262,TRUE,-5.82671939533698,-6.08364720173328,-6.65194434476249,104.863999999994,2024-07-11T11:37:37.881519Z,-6.90875477931523,1.67589883582472e-10,FALSE,0.80274007833308,199,68,0.996753309853375,1,0.854137451085262,TRUE,0.00294773147689982,0.00227984641133749,0.00129150852478813,36,36
378,lightgbm,climate-model-simulation-crashes,auc,680,0,0,0.0851851851851852,0.5,0.249822634869702,0.985102040816327,0,-3.5061011029084,248,13,0.613861110759899,0,0.25769993190188,TRUE,-6.89513068510451,-1.20138221995951,-6.87005366447551,124.182999999995,2024-07-11T13:25:42.360960Z,-6.90875477931526,1.29736035451019e-05,FALSE,0.0300137069627411,248,13,0.613861110759899,0,0.25769993190188,TRUE,0.00101270462047609,0.300778182848881,0.00103842133678365,27,27
385,lightgbm,climate-model-simulation-crashes,mcc,857,0,0,0.0203703703703704,0.903,0.131022341633744,0.939234693877551,0.864775710983172,-0.172590598747166,62,66,0.599130396498367,8,0.875685235788114,TRUE,-6.32785590193014,-4.81749356978368,-5.59037808411457,106.524999999994,2024-07-15T12:57:21.040581Z,-6.90875477931519,2.10810306739572e-07,FALSE,0.841482048138846,62,66,0.599130396498367,8,0.875685235788114,TRUE,0.00178585872333942,0.00808703133787131,0.00373361597690796,25,25
392,lightgbm,kc2,ce,717,0,0,0.095899854862119,0.798173371344103,0.34441642955287,0.859241632351388,0.68777362087823,-0.92190009756566,242,38,0.454503332031891,3,0.977600221871398,TRUE,-6.87259401256502,-4.39639195138455,-3.34654169102084,145.052999999996,2024-07-16T12:54:07.190687Z,-6.90875477931521,8.20306407905155e-07,FALSE,0.397762534969999,242,38,0.454503332031891,3,0.977600221871398,TRUE,0.00103578673294689,0.0123217171518006,0.0352058966824241,57,57
399,lightgbm,kc2,bacc,867,0,0,0.151487663280116,0.843724527505015,0.923988825360951,0.826392672368282,0.628670516612026,-0.103619204183813,22,14,0.164607838960364,3,0.725665340013802,TRUE,-5.15225972300246,-3.72255271760608,-2.49229468234138,118.453,2024-07-18T12:47:05.393090Z,-6.90875477931534,1.59986924433239e-06,FALSE,0.901568545593491,22,14,0.164607838960364,3,0.725665340013802,TRUE,0.005786314474323,0.0241721842608789,0.0827199326560739,39,39
406,lightgbm,kc2,logloss,821,0,0,0.120863570391872,0.762596346742688,0.318172080164267,0.853019480519481,0.578254238269684,-0.866134358518585,209,32,0.226852963911369,1,0.986889679799788,FALSE,-5.55591935650174,-1.16547918203493,-3.78057522113549,125.244999999994,2024-07-18T12:34:59.142566Z,-6.90875477931536,1.2320103680193e-06,FALSE,0.420574200007527,209,32,0.226852963911369,1,0.986889679799788,FALSE,0.00386451396986663,0.311773230102122,0.0228095671056715,52,52
413,lightgbm,kc2,auc,465,0,0,0.141835994194485,0.741108119522754,0.361335496904722,0.8932868757259,0.542707059842256,-0.958326282517977,248,7,0.21358900051564,7,0.927753652445972,TRUE,-6.20611841191766,-5.67124566096832,-4.51990649413967,108.913,2024-07-11T21:33:56.195372Z,-6.90875477931515,1.04676208454039e-05,FALSE,0.383534277096148,248,7,0.21358900051564,7,0.927753652445972,TRUE,0.00201705165218372,0.00344357307877099,0.0108900419036855,23,23
420,lightgbm,kc2,mcc,530,0,0,0.105515239477504,0.814536479780382,0.730639300552001,0.824461778059339,0.673999619234486,-0.0207936613239518,51,48,0.617568600689992,4,0.618234514724463,FALSE,-5.31902090551071,-4.47550790652202,-5.51143243901012,103.945000000002,2024-07-11T21:53:08.116103Z,-6.90875477931515,1.01770467426958e-05,FALSE,0.979421036161045,51,48,0.617568600689992,4,0.618234514724463,FALSE,0.00489754653937541,0.0113844384253227,0.00404031573025246,26,26
427,lightgbm,analcatdata_dmft,ce,314,10,0,0.805537974683544,0.166666666666667,1.78864701025943,0,0,-3.98696535337625,12,2,0.000631952192634344,8,0.105710455891676,FALSE,-4.04991771197235,-0.827122162105702,-2.79887869712179,,2024-07-11T20:51:19.930473Z,-6.90875477931496,7.03014668019105e-05,FALSE,0.01855593948372,12,2,0.000631952192634344,8,0.105710455891676,FALSE,0.0174238083513274,0.437305972884281,0.0608782873666149,,
434,lightgbm,analcatdata_dmft,bacc,530,0,0,0.818085443037975,0.186883394383394,1.88139189455281,0.40454966579005,0.0266414189399805,-0.543107165132348,67,18,0.050233609508723,4,0.96215960602276,FALSE,-1.16514468973327,-4.07325612769338,-4.66613147524763,107.287999999999,2024-07-11T21:56:01.831055Z,-6.90875477931505,7.99866461506361e-07,FALSE,0.58094036747625,67,18,0.050233609508723,4,0.96215960602276,FALSE,0.311877533290789,0.0170218727820304,0.009408596604452,13,13
441,lightgbm,analcatdata_dmft,logloss,485,0,0,0.830617088607595,0.169581807081807,1.7928593565987,0.497238979681287,-0.000599162502310507,-1.10139269487723,228,119,0.32621889654547,5,0.9890670042485,FALSE,-3.77222694579915,-1.04826836324573,-6.27221456615002,117.657999999999,2024-07-11T21:43:25.577743Z,-6.90875477931447,1.6040721500964e-05,FALSE,0.332407818513438,228,119,0.32621889654547,5,0.9890670042485,FALSE,0.0230007847102242,0.350544239137884,0.00188804275444952,4,4
448,lightgbm,analcatdata_dmft,auc,1086,0,0,0.839367088607595,0.162069597069597,1.79365282960325,0.532550520882252,-0.00866825156956756,-2.23052799539466,221,111,0.310376381035894,7,0.945514502935112,FALSE,-0.136467438980995,-5.69555234066169,-3.73354363341643,105.063999999995,2024-07-12T00:38:32.774366Z,-6.90875477931513,4.18219943847236e-06,FALSE,0.107471670605592,221,111,0.310376381035894,7,0.945514502935112,FALSE,0.872434727160872,0.00336088031550091,0.0239079644871715,10,10
455,lightgbm,analcatdata_dmft,mcc,720,0,0,0.810522151898734,0.189575702075702,1.80673565880876,0.477883331767947,0.0327701838507495,-0.156139959065499,32,154,0.857708644121885,4,0.855527363205329,FALSE,2.30251357131509,2.55995914324315,-4.1673005756542,106.849,2024-07-11T22:44:13.927189Z,-6.9087547793152,1.15543740788589e-06,FALSE,0.855439455485442,32,154,0.857708644121885,4,0.855527363205329,FALSE,9.99928480878654,12.935288810797,0.0154940286812524,5,5
462,lightgbm,wdbc,ce,391,0,0,0.0087719298245614,0.988203463203463,0.103783953634801,0.992805435305435,0.981440719870568,-0.981823100144079,119,67,0.372884361306205,10,0.823791872872971,FALSE,-4.62606011325741,-5.5988149552366,-4.16840752867979,136.531999999999,2024-07-18T10:31:26.460057Z,-6.90875477931522,8.21564442740485e-05,FALSE,0.374627492463802,119,67,0.372884361306205,10,0.823791872872971,FALSE,0.00979326755807158,0.0037022484480544,0.0154768870085886,36,36
469,lightgbm,wdbc,bacc,602,0,0,0.012280701754386,0.987261904761905,0.0943169909230388,0.993799903799904,0.974298085744648,-0.387137545049938,38,37,0.262699973769486,4,0.478318455466069,TRUE,-6.6347355129876,-2.85944547629993,-4.13706899328393,123.545000000002,2024-07-18T11:35:30.791252Z,-6.90875477931524,8.52896073906308e-06,FALSE,0.678997695731519,38,37,0.262699973769486,4,0.478318455466069,TRUE,0.00131392621562647,0.0573005259569089,0.0159695899511007,40,40
476,lightgbm,wdbc,logloss,428,0,0,0.0087719298245614,0.989087301587302,0.0399831952949291,0.998941798941799,0.98141023545965,-0.772553381309337,61,38,0.35437701526098,8,0.717342125251889,TRUE,-3.18187276316162,-3.64546603356428,-5.35178474603483,120.084000000001,2024-07-18T10:44:17.746954Z,-6.90875477931522,4.55233429783772e-06,FALSE,0.461832327478921,61,38,0.35437701526098,8,0.717342125251889,TRUE,0.0415078479181827,0.0261092392363584,0.00473968431343204,132,132
483,lightgbm,wdbc,auc,579,0,0,0.0281015037593985,0.968210678210678,0.104119063185088,0.998292448292448,0.940506650702503,-0.993003609949375,11,15,0.297603431390598,8,0.633474381058477,TRUE,-6.39982358027523,-5.33018335369028,-2.36341274123439,107.779000000002,2024-07-18T11:28:52.715071Z,-6.90875477931518,7.22600412517647e-05,FALSE,0.370462294020707,11,15,0.297603431390598,8,0.633474381058477,TRUE,0.00166185043050937,0.00484318191555664,0.0940985406291349,49,49
490,lightgbm,wdbc,mcc,599,0,0,0.0105263157894737,0.987806637806638,0.0673935644604568,0.994642857142857,0.977847188545303,-0.155668980060196,236,90,0.677317760651931,9,0.422831822000444,FALSE,-4.49540827007456,-6.10227306427813,-6.09112000235392,112.803000000002,2024-07-18T11:34:27.855678Z,-6.9087547793152,8.72054056179499e-06,FALSE,0.855842444401493,236,90,0.677317760651931,9,0.422831822000444,FALSE,0.0111601233404928,0.00223777532685258,0.00226287307183727,20,20
497,lightgbm,credit-g,ce,536,0,0,0.191,0.734047619047619,0.485305182622763,0.80252380952381,0.518843002197095,-0.136178641144906,223,117,0.691443991614506,10,0.619023757660762,TRUE,-6.07852432316081,1.45283337795311,-3.34578018307261,141.818000000007,2024-07-19T00:12:03.883523Z,-6.90875477931527,1.11272825484848e-05,FALSE,0.872686720808064,223,117,0.691443991614506,10,0.619023757660762,TRUE,0.00229155575483087,4.27521065822786,0.0352327164630144,70,70
504,lightgbm,credit-g,bacc,1002,0,0,0.187,0.762619047619048,0.528883479567747,0.790476190476191,0.544060824970549,-0.747502618928075,47,17,0.559572443598881,5,0.542385365557857,TRUE,-6.32836272111955,-2.37461306575286,-4.19515857304853,112.717000000001,2024-07-19T02:29:13.681283Z,-6.90875477931542,3.4654459506776e-09,FALSE,0.473547706310228,47,17,0.559572443598881,5,0.542385365557857,TRUE,0.00178495384519303,0.0930504866658947,0.0150683528379833,115,115
511,lightgbm,credit-g,logloss,566,0,0,0.216,0.711428571428571,0.468457452671816,0.815952380952381,0.461773864391537,-1.21762571868839,30,23,0.762660006759688,7,0.403172054700553,TRUE,-1.35964442808888,-0.566652067212964,-5.37283150868888,119.844999999999,2024-07-19T00:21:44.760913Z,-6.90875477931533,7.81315709973075e-07,FALSE,0.295931959188415,30,23,0.762660006759688,7,0.403172054700553,TRUE,0.256752054543439,0.567421952787063,0.00464097173655489,75,75
518,lightgbm,credit-g,auc,959,0,0,0.21,0.708095238095238,0.480776972096472,0.819,0.452584109422198,-1.40288093960713,75,14,0.592607887461782,6,0.715141173056327,TRUE,-3.36417219018531,-6.34216474642707,-5.68586714046562,108.628000000001,2024-07-19T02:20:14.836107Z,-6.90875477931535,7.3150209717367e-07,FALSE,0.245887555353502,75,14,0.592607887461782,6,0.715141173056327,TRUE,0.0345906387395709,0.00176048710076182,0.00339358925482141,75,75
525,lightgbm,credit-g,mcc,869,0,0,0.19,0.756666666666667,0.529363884296103,0.799142857142857,0.535008078464779,-0.262921763563027,246,16,0.796332763275132,2,0.638258721726015,TRUE,-2.61701059179922,-5.6775017803003,-3.06828250956368,106.734000000004,2024-07-19T01:53:58.841307Z,-6.9087547793153,1.72533912800314e-05,FALSE,0.768802043290931,246,16,0.796332763275132,2,0.638258721726015,TRUE,0.0730208259306362,0.00342209692340348,0.0465009512520992,54,54
532,lightgbm,cylinder-bands,ce,727,0,0,0.112962962962963,0.876484803327808,0.371857856897381,0.914034608886906,0.771515194706576,-0.782869684944831,235,50,0.800589044345543,1,0.232977561512962,FALSE,-4.30729820093101,-1.60816178941405,-6.17365417242998,115.264999999999,2024-07-19T01:15:37.482471Z,-6.90875477931522,1.03898429076326e-05,FALSE,0.457092416179504,235,50,0.800589044345543,1,0.232977561512962,FALSE,0.0134698934207823,0.2002553875223,0.00208360820869853,99,99
539,lightgbm,cylinder-bands,bacc,953,0,0,0.111111111111111,0.880545350949892,0.3858140505704,0.898058778528624,0.775423225522189,-0.385945627327723,180,91,0.722794684115797,3,0.461265997751616,FALSE,-3.29145139190612,-6.43230796257685,-4.23379879593568,104.510000000006,2024-07-19T02:19:06.801580Z,-6.90875477931522,7.46811016699474e-07,FALSE,0.679807487625188,180,91,0.722794684115797,3,0.461265997751616,FALSE,0.037199818680087,0.00160873364951561,0.0144972138551992,113,113
546,lightgbm,cylinder-bands,logloss,723,0,0,0.161111111111111,0.827623557631009,0.326958328417103,0.927349627055973,0.667567854263567,-2.22301852790464,237,21,0.688056793995202,0,0.11191420564428,FALSE,-2.67537653105683,-2.45462439180826,-5.82506926398109,110.917999999998,2024-07-19T01:13:00.810235Z,-6.9087547793152,6.31134291104397e-07,FALSE,0.108281763498324,237,21,0.688056793995202,0,0.11191420564428,FALSE,0.0688808877177862,0.0858954524183566,0.00295259963648535,270,270
553,lightgbm,cylinder-bands,auc,935,0,0,0.331481481481482,0.608829529516767,0.58370832285214,0.942113787772536,0.289964213508906,-5.82250361406831,244,1,0.901331706205383,8,0.219771198742092,FALSE,-6.30624297780853,-6.13850540279219,-4.7773324304161,108.403000000009,2024-07-19T02:05:24.868724Z,-6.9087547793151,8.52235169084206e-07,FALSE,0.00296018469963272,244,1,0.901331706205383,8,0.219771198742092,FALSE,0.00182487647748437,0.00215814676917672,0.00841842577820372,144,144
560,lightgbm,cylinder-bands,mcc,375,0,0,0.114814814814815,0.877716793637639,0.432430714592895,0.90061738971057,0.769702294735281,-0.596654762840515,205,70,0.899749114876613,9,0.979630519566126,FALSE,-5.49352551065803,-6.01955551160504,-4.99822980786663,160.885000000001,2024-07-18T23:11:29.279721Z,-6.90875477931523,6.55962432783779e-05,FALSE,0.550650615368607,205,70,0.899749114876613,9,0.979630519566126,FALSE,0.0041133170384572,0.00243074979501357,0.006749885023039,86,86
567,lightgbm,cmc,ce,952,0,0,0.517972053686339,0.47189364504355,1.08550921158934,0.589994381957306,0.239786637163404,-0.146905279826715,138,52,0.952085744822398,8,0.48140237997286,FALSE,3.7284318909701,3.53002453034401,-5.16637275996208,106.614999999998,2024-07-19T02:16:46.700871Z,-6.90875477931473,5.48031256929003e-07,FALSE,0.863375752644277,138,52,0.952085744822398,8,0.48140237997286,FALSE,41.6138019951379,34.1248046976859,0.00570522555566154,10,10
574,lightgbm,cmc,bacc,1084,0,0,0.520674756389042,0.460721701518665,1.09266069876884,0.568299420896902,0.226962934099548,-0.0158706845789516,42,68,0.904561470262706,7,0.440743299690075,FALSE,3.79445672510175,0.0868279380027559,-2.79454719653432,103.324000000004,2024-07-19T02:56:07.102515Z,-6.90875477931539,3.32226855302467e-06,FALSE,0.984254591122922,42,68,0.904561470262706,7,0.440743299690075,FALSE,44.4540790588052,1.09070899400403,0.0611425536256577,5,5
581,lightgbm,cmc,logloss,742,0,0,0.432432432432432,0.539177555875848,0.885094156581636,0.766844713995159,0.325932514217378,-1.23534157605596,239,4,0.765839209547266,1,0.96096659025643,FALSE,1.32661214966811,0.654779281048217,-5.80955663920355,183.058000000005,2024-07-20T09:36:41.275313Z,-6.90875477931538,1.30347494018491e-06,FALSE,0.290735437141311,239,4,0.765839209547266,1,0.96096659025643,FALSE,3.7682554525095,1.92471764882789,0.00299875930995415,40,40
588,lightgbm,cmc,auc,829,0,0,0.555295091009377,0.423550881615398,1.1835063797904,0.615095515701517,0.171713019681682,-1.02176170998942,198,7,0.447564568370581,4,0.746276280027814,FALSE,-6.14033528511993,-0.261735981646879,-5.74904997430538,126.228000000006,2024-07-19T01:42:35.472167Z,-6.90875477931526,3.58752789174879e-07,FALSE,0.359960235711593,198,7,0.447564568370581,4,0.746276280027814,FALSE,0.00215420122558435,0.769714215562773,0.00318580595680917,14,14
595,lightgbm,cmc,mcc,982,0,0,0.516634491634492,0.470597636252285,1.09282579849853,0.584628770886538,0.239324814902331,-0.524931263843471,61,77,0.727254913654178,7,0.456917982921004,FALSE,3.59700443365036,-3.66455545103035,-5.24910316646534,125.527000000002,2024-07-19T02:23:58.130536Z,-6.90875477931524,6.3733553115178e-07,FALSE,0.591596027006417,61,77,0.727254913654178,7,0.456917982921004,FALSE,36.4887660459055,0.0256155561220472,0.0052522266606033,24,24
602,lightgbm,car,ce,724,0,0,0.0769659900524264,0.504166666666667,0.450881450061246,0.833220337167706,0.831721080089262,-0.864494887221043,11,98,0.600043174577877,8,0.911657106364146,FALSE,-6.68171779337982,-6.61273197203261,-6.72852949353839,112.856999999998,2024-07-19T01:12:11.581139Z,-6.90875477931522,3.38293289807126e-05,FALSE,0.421264284869517,11,98,0.600043174577877,8,0.911657106364146,FALSE,0.0012536226571978,0.00134315766322933,0.00119629081873064,120,120
609,lightgbm,car,bacc,822,0,0,0.0902708697405565,0.520373107753491,0.341513201044545,0.820634198274321,0.805225225535981,-3.65411867812047,109,21,0.688099853461608,8,0.920824330998585,FALSE,-5.34876145827306,2.32988591523635,-6.21238005213482,110.042999999998,2024-07-19T01:45:56.582860Z,-6.90875477931532,8.07899572706375e-06,FALSE,0.0258842998333641,109,21,0.688099853461608,8,0.920824330998585,FALSE,0.0047540354258517,10.2767690433957,0.00200446106045387,372,372
616,lightgbm,car,logloss,954,0,0,0.101273692700632,0.504598232708281,0.283730911732184,0.8219842595697,0.78002902969303,-0.0388678964075702,192,169,0.58889658912085,1,0.885235181474127,FALSE,1.51893669893561,2.0445756648816,-6.82703040130216,133.592000000004,2024-07-19T02:28:13.574033Z,-6.90875477931521,2.25524158027772e-05,FALSE,0.961877768262365,192,169,0.58889658912085,1,0.885235181474127,FALSE,4.56736612700952,7.72587948026543,0.00108407260296543,999,999
623,lightgbm,car,auc,319,0,0,0.0839091275709101,0.51306787311572,0.520399217256795,0.832301085411133,0.817334051935444,-0.131794910882086,120,33,0.441847454989329,9,0.704105189070106,FALSE,-5.55214333480677,-2.9349371981653,-6.19740213725659,179.260000000003,2024-07-18T23:11:00.867774Z,-6.90875477931526,8.92579640044251e-05,FALSE,0.876520741512435,120,33,0.441847454989329,9,0.704105189070106,FALSE,0.00387913404394432,0.0531340561178278,0.00203470967267309,80,80
630,lightgbm,car,mcc,528,0,0,0.0769659900524264,0.504166666666667,0.471170334846768,0.833229976651029,0.831760684576903,-0.715514009756611,78,110,0.565774265676737,9,0.77470458757598,FALSE,-6.19365798744197,-3.51077806519271,-6.44549108046524,113.58499999999,2024-07-19T00:19:05.460571Z,-6.90875477931521,1.40559732311848e-05,FALSE,0.488940726890693,78,110,0.565774265676737,9,0.77470458757598,FALSE,0.00204234221028248,0.0298736617356652,0.00158766470648109,157,157
637,lightgbm,pc1,ce,458,0,0,0.0432923832923833,0.6875,0.228721630481884,0.807914355062413,0.552106965464992,-0.599225673623977,149,39,0.275453205453232,3,0.475686226063408,FALSE,-4.75252200667387,-0.164906830939757,-6.85512538502488,158.205000000005,2024-07-19T00:03:21.328254Z,-6.90875477931526,1.04147018109761e-05,FALSE,0.549236759990404,149,39,0.275453205453232,3,0.475686226063408,FALSE,0.00862990306159206,0.847972705227685,0.00105403946654423,63,63
644,lightgbm,pc1,bacc,774,0,0,0.0919410319410319,0.817499066467513,0.71284445776597,0.838459538034781,0.512266996675211,-0.115168544288019,104,40,0.212424985365942,2,0.967021056846716,FALSE,-6.44545383137782,-2.20337629280787,-6.6306301885587,119.297000000004,2024-07-19T01:43:32.717013Z,-6.90875477931505,6.75528523190492e-07,FALSE,0.891215921894629,104,40,0.212424985365942,2,0.967021056846716,FALSE,0.00158772384664398,0.110429685287673,0.00131933139643623,64,64
651,lightgbm,pc1,logloss,295,0,0,0.064021294021294,0.59207364237704,0.166269101926563,0.900169369465486,0.300519812199723,-2.46933553770765,167,3,0.326581711182371,6,0.898776121949777,FALSE,-0.338725364510331,-3.50217026429177,-5.48184120962598,168.181999999999,2024-07-18T23:05:27.214664Z,-6.90875477931525,8.60578891797448e-05,FALSE,0.0846410811275476,167,3,0.326581711182371,6,0.898776121949777,FALSE,0.712678148927309,0.0301319181835027,0.00416166015071916,56,56
658,lightgbm,pc1,auc,973,0,0,0.0757411957411957,0.615473967779793,0.190152758900538,0.922898218286568,0.298259046914992,-0.220455122809857,94,130,0.527011033380404,7,0.911399385053664,FALSE,-6.49631728654512,-0.44104220324606,-3.87423395554666,125.775000000005,2024-07-19T02:45:20.252191Z,-6.90875477931524,2.67241612813473e-06,FALSE,0.802153636455156,94,130,0.527011033380404,7,0.911399385053664,FALSE,0.0015089861363545,0.643365553885217,0.0207702427102388,61,61
665,lightgbm,pc1,mcc,617,0,0,0.045986895986896,0.770337672036701,0.268390769781185,0.856238664248373,0.607340914966217,-0.248660196135382,250,104,0.336847171885893,6,0.911419205320999,FALSE,-3.1596200328885,-2.81303577035143,-3.68326607615746,124.557999999997,2024-07-19T00:48:09.978616Z,-6.90875477931521,2.47169410045584e-06,FALSE,0.779844922685284,250,104,0.336847171885893,6,0.911419205320999,FALSE,0.0424418645297992,0.0600225010025879,0.0251407290620884,147,147
672,lightgbm,wilt,ce,981,0,0,0.00888472528788734,0.941030689591648,0.0417036839675994,0.99195449175777,0.910129222376609,-1.48908981739873,67,150,0.174612937727943,2,0.788271858543158,FALSE,-5.47689243247321,-3.54530314743349,-3.41699170172646,107.15600000001,2024-07-19T02:23:42.723450Z,-6.90875477931524,8.36892241806087e-07,FALSE,0.225577879190643,67,150,0.174612937727943,2,0.788271858543158,FALSE,0.00418230632390966,0.0288598723872185,0.0328109918705664,124,124
679,lightgbm,wilt,bacc,396,0,0,0.0099182109063532,0.955066838304299,0.0492352505234427,0.989888779233327,0.903690304234757,-0.541441500456669,145,177,0.305459065362811,4,0.905274302815087,FALSE,-4.01462495756332,-3.48348487397388,-3.15742204401355,164.118000000008,2024-07-18T23:29:37.005780Z,-6.90875477931518,4.46481169683686e-06,FALSE,0.581908825664418,145,177,0.305459065362811,4,0.905274302815087,FALSE,0.0180497226934808,0.0307002379386659,0.0425352538726379,56,56
686,lightgbm,wilt,logloss,926,0,0,0.0111578803278408,0.932573473105517,0.0327535716396302,0.994758980723788,0.887401394025172,-1.0943755088175,106,169,0.778800086583942,3,0.940879516256973,TRUE,-3.42568883610373,-6.8576119889216,-6.41105997550612,112.166999999994,2024-07-19T02:27:15.511186Z,-6.90875477931523,4.54985366321861e-06,FALSE,0.334748589230348,106,169,0.778800086583942,3,0.940879516256973,TRUE,0.0325268675896734,0.00105142174386796,0.00164328174019703,202,202
693,lightgbm,wilt,auc,298,0,0,0.0138446862755163,0.907716639902053,0.0374863350620837,0.995927217060271,0.859804611471791,-0.784531113260568,28,144,0.314929951913655,5,0.995525838574395,FALSE,-4.07806309347446,-0.541985943476044,-5.00181229835741,168.449,2024-07-18T22:53:12.950100Z,-6.90875477931523,9.93766277685615e-05,FALSE,0.456333620413285,28,144,0.314929951913655,5,0.995525838574395,FALSE,0.016940245568827,0.581592095694906,0.00672574688726719,53,53
700,lightgbm,wilt,mcc,299,0,0,0.00909176462536146,0.948176906870876,0.0416303290813603,0.991379064466554,0.910040852314755,-0.926638670419565,26,91,0.237096807919443,8,0.919716216158122,FALSE,-5.47991114934093,-1.47146199718777,-2.54458031174071,170.196,2024-07-18T22:59:00.890879Z,-6.90875477931526,7.51762043885919e-05,FALSE,0.395882166868603,26,91,0.237096807919443,8,0.919716216158122,FALSE,0.00416970016205341,0.229589580379758,0.0785059931113269,61,61
707,lightgbm,vehicle,ce,695,0,0,0.702100840336134,0.29035344041923,1.46189967033028,0.37274560861027,0.0660101703563464,-0.727764690990071,196,113,0.262505964143202,1,0.255422413535416,FALSE,-0.702375730698453,-0.0904270715659363,-2.95610156028422,114.935000000007,2024-07-19T01:02:34.848385Z,-6.9087547793152,9.84168195757014e-07,FALSE,0.482987410450054,196,113,0.262505964143202,1,0.255422413535416,FALSE,0.495406951119328,0.913540954582923,0.0520213243772571,47,47
714,lightgbm,vehicle,bacc,384,0,0,0.73390756302521,0.267202380952381,1.38775112025451,0,0.0277430026794758,-5.83760498758349,49,188,0.124688170617446,6,0.111312985769473,FALSE,3.5236620259457,4.62736674240716,-6.90422788690399,148.369000000001,2024-07-18T23:29:57.177514Z,-6.90875477931514,2.00988434606704e-05,FALSE,0.00291581768936685,49,188,0.124688170617446,6,0.111312985769473,FALSE,33.9083747261446,102.244473279633,0.00100353362064697,13,13
721,lightgbm,vehicle,logloss,331,0,0,0.73875350140056,0.260720551378446,1.38563460093411,0.0965220558282759,0.017774945289672,-1.09534842088408,78,108,0.249121049884707,8,0.268184472364374,TRUE,-1.20288081379311,-0.828503501730789,-6.02685103273186,134.231999999999,2024-07-18T23:21:00.030616Z,-6.9087547793152,0.000230262291791233,FALSE,0.334423066666706,78,108,0.249121049884707,8,0.268184472364374,TRUE,0.300327776091472,0.436702321835191,0.00241308073938336,14,14
728,lightgbm,vehicle,auc,991,0,0,0.783655462184874,0.217142857142857,1.38720210882227,0.505045170235703,-0.0547572990877932,-5.82507283288113,240,94,0.252407840453088,9,0.120211392082274,FALSE,2.79552951308409,-5.71351658800386,-5.43959626581254,126.571999999996,2024-07-19T02:57:22.762533Z,-6.90875477931513,3.36812841339248e-06,FALSE,0.00295258909897119,240,94,0.252407840453088,9,0.120211392082274,FALSE,16.3712952734875,0.00330104369928119,0.0043412356222095,108,108
735,lightgbm,vehicle,mcc,1033,0,0,0.689173669467787,0.303068181818182,1.41251188256636,0.488525874077822,0.0830827552919662,-0.539073253015488,194,143,0.341515164356679,7,0.229135067644529,FALSE,1.97741069022425,4.50008942207704,-2.52545663240535,133.926000000007,2024-07-19T17:14:59.286802Z,-6.90875477931522,1.15602556536831e-05,FALSE,0.583288562886505,194,143,0.341515164356679,7,0.229135067644529,FALSE,7.22401353858022,90.0251811792851,0.0800217639121199,29,29
742,lightgbm,phoneme,ce,793,0,0,0.078454850414185,0.901744636440075,0.252322674858212,0.961562123893978,0.809873912814203,-2.03972716701139,252,11,0.585861871019006,6,0.934131344081834,FALSE,-2.37747872361137,-4.87626376457333,-4.06920591561604,142.866999999995,2024-07-20T15:54:15.761277Z,-6.90875477931525,4.3242799131262e-07,FALSE,0.130064191840188,252,11,0.585861871019006,6,0.934131344081834,FALSE,0.0927842175079114,0.00762545135171245,0.0170909547806873,102,102
749,lightgbm,phoneme,bacc,1069,0,0,0.0793821455466557,0.902927515513469,0.255663793863353,0.965234018599915,0.808399892230884,-2.71820868893447,159,6,0.776539935963228,10,0.963963294564746,FALSE,-4.14558645067286,-6.67755262165492,-5.23320381810246,171.892000000007,2024-07-20T16:46:10.588059Z,-6.9087547793151,9.10314823774226e-06,FALSE,0.0659928623553843,159,6,0.776539935963228,10,0.963963294564746,FALSE,0.0158341472815865,0.00125885510029062,0.00533640102756217,146,146
756,lightgbm,phoneme,logloss,535,0,0,0.0886352433764633,0.889357048622223,0.215195505466727,0.965583207031272,0.785064214371651,-5.39516323190294,199,7,0.867699948139489,10,0.880529543943703,FALSE,-6.48558687309612,-3.72111935149223,-2.91144903768174,264.589999999989,2024-07-20T13:45:01.405137Z,-6.9087547793152,1.09425064741406e-05,FALSE,0.00453847951368683,199,7,0.867699948139489,10,0.880529543943703,FALSE,0.00152526536672131,0.0242068566939052,0.0543968496478777,1047,1047
763,lightgbm,phoneme,auc,687,0,0,0.0871537618949819,0.891715413815826,0.260934781491815,0.968326216905136,0.788899433814873,-3.96646747650478,197,6,0.858989879488945,2,0.96237234249711,FALSE,-5.76828917084518,-5.9132066875403,-5.94403472494367,228.450999999994,2024-07-20T15:20:08.914009Z,-6.90875477931513,3.78908413904927e-06,FALSE,0.0189402218780855,197,6,0.858989879488945,2,0.96237234249711,FALSE,0.00312509945454692,0.00270350368109327,0.0026214315299567,463,463
770,lightgbm,phoneme,mcc,606,0,0,0.0782727459437256,0.902231008051119,0.26318815235529,0.964095695697278,0.810423862444903,-2.12608238739643,107,3,0.707580515416339,3,0.969104714994319,FALSE,-4.62248397248152,-4.90404325260009,-6.35329594247219,203.251999999997,2024-07-20T14:29:18.300830Z,-6.90875477931523,4.58086664477334e-06,FALSE,0.119303765463507,107,3,0.707580515416339,3,0.969104714994319,FALSE,0.0098283523582164,0.00741653544057545,0.00174099943543539,103,103
777,lightgbm,eucalyptus,ce,981,0,0,0.250148093298778,0.721017871017871,0.758438716401448,0.926516221152585,0.681702354578464,-1.44542963450287,84,20,0.794675030745566,7,0.984144802647643,TRUE,-6.79883639333593,-6.80454637606956,-4.56810204721811,137.559999999998,2024-07-20T17:14:55.573370Z,-6.90875477931523,9.92698195820639e-06,FALSE,0.235644813662034,84,20,0.794675030745566,7,0.984144802647643,TRUE,0.00111507189833655,0.00110872300034913,0.0103776373037321,72,72
784,lightgbm,eucalyptus,bacc,897,0,0,0.251480932987782,0.729630591630592,0.777014821402509,0.928077901896084,0.679871753608314,-1.00744956196807,243,24,0.518713628873229,6,0.949851151485927,TRUE,-1.92312542709325,-6.2134018630106,-6.26273688111316,131.471000000005,2024-07-20T16:46:53.042137Z,-6.90875477931524,2.9333528524078e-07,FALSE,0.365149083090494,243,24,0.518713628873229,6,0.949851151485927,TRUE,0.146149468063436,0.00200241392641225,0.00190602209569413,93,93
791,lightgbm,eucalyptus,logloss,843,0,0,0.299037393557942,0.665268287268287,0.689114831792111,0.931098083734447,0.617754200507488,-2.75937725849963,38,4,0.821529360720888,0,0.815019613364711,TRUE,-4.62980875783813,-6.56557380711095,-4.5591082368335,152.667000000001,2024-07-20T16:09:52.214377Z,-6.90875477931527,3.903981226061e-06,FALSE,0.0633311950454724,38,4,0.821529360720888,0,0.815019613364711,TRUE,0.00975662480195669,0.00140801578959109,0.0104713927834071,120,120
798,lightgbm,eucalyptus,auc,1011,0,0,0.311347649018882,0.655197025197025,0.752966862712676,0.9379400633037,0.603357252218308,-1.87652818582131,58,32,0.328304195310921,4,0.912461530603468,TRUE,-5.65238333426853,-6.44079719686621,-4.10004462058334,136.825999999972,2024-07-20T17:19:58.727875Z,-6.9087547793152,3.46829600551821e-05,FALSE,0.153120790936693,58,32,0.328304195310921,4,0.912461530603468,TRUE,0.0035091433389544,0.00159513453735095,0.0165719359358152,95,95
805,lightgbm,eucalyptus,mcc,1018,0,0,0.250055534987042,0.726534354534355,0.772922532885171,0.926591216863944,0.682789010177925,-0.616001752277724,188,35,0.638384038349614,2,0.917884119460359,TRUE,-5.85964063416382,-3.64405441860148,-2.44011899886673,126.960999999996,2024-07-20T17:16:38.762294Z,-6.90875477931521,7.9027980611683e-08,FALSE,0.540099578239082,188,35,0.638384038349614,2,0.917884119460359,TRUE,0.00285226850638208,0.026146121454753,0.0871504800365399,60,60
812,lightgbm,qsar-biodeg,ce,1040,0,0,0.0928212039532794,0.886654589371981,0.32152771130054,0.933084146702159,0.790172874711226,-1.5353401741316,47,26,0.430169560248032,6,0.627652256004512,FALSE,-6.73512048152291,-3.53390906654365,-3.91483802023148,138.311999999998,2024-07-20T17:46:43.320273Z,-6.90875477931523,3.43561497240455e-08,FALSE,0.215382411181786,47,26,0.430169560248032,6,0.627652256004512,FALSE,0.00118843200743342,0.0291905846106945,0.0199437788727122,70,70
819,lightgbm,qsar-biodeg,bacc,846,0,0,0.0938364779874214,0.892795031055901,0.300508000177598,0.934617174405994,0.790310594018936,-1.19380456058445,17,10,0.411425276193768,5,0.787304428499192,TRUE,-5.01533715035335,0.671617148796972,-5.07982069144563,137.188999999969,2024-07-20T16:41:34.935981Z,-6.90875477931513,6.37716671858882e-06,FALSE,0.303066034799815,17,10,0.411425276193768,5,0.787304428499192,TRUE,0.00663539453443362,1.95740016987765,0.00622102439883239,105,105
826,lightgbm,qsar-biodeg,logloss,985,0,0,0.112767295597484,0.866773636991028,0.275172227999461,0.94512777284827,0.745629160975703,-3.05075043955798,30,1,0.450360038084909,6,0.517418735823594,TRUE,-3.50972859306313,-3.53961918116092,-5.72844669881434,151.050999999992,2024-07-20T17:11:46.067281Z,-6.90875477931517,1.83250338644361e-05,FALSE,0.0473233977128342,30,1,0.450360038084909,6,0.517418735823594,TRUE,0.0299050297681244,0.0290243780078012,0.00325212484174044,298,298
833,lightgbm,qsar-biodeg,auc,990,0,0,0.116576819407008,0.860453761214631,0.286605697578696,0.947716717604916,0.736221831315551,-2.38362354440715,203,2,0.383664451073855,0,0.905332700791769,TRUE,-6.36358278834133,-3.67361794169837,-3.98919272925072,124.239999999998,2024-07-20T16:43:01.929754Z,-6.90875477931524,2.51704522975184e-06,FALSE,0.0922158232475745,203,2,0.383664451073855,0,0.905332700791769,TRUE,0.00172318184311778,0.0253844640999875,0.0185146544275236,145,145
840,lightgbm,qsar-biodeg,mcc,569,0,0,0.0937735849056604,0.890681504485852,0.331740530189033,0.930035015938743,0.790897031544896,-1.02787523897843,13,37,0.619050230830908,2,0.422889498923905,FALSE,-4.09424713037212,0.247655784786544,-5.86541864419599,167.043999999998,2024-07-20T14:15:48.550825Z,-6.90875477931523,1.14880009622053e-06,FALSE,0.35776632148795,13,37,0.619050230830908,2,0.422889498923905,FALSE,0.0166682906099436,1.28101891009754,0.0028358355908315,77,77
847,lightgbm,kc1,ce,556,0,0,0.116650868878357,0.673913936141276,0.349426122581273,0.805387134717332,0.475688104662139,-0.446931605634087,98,48,0.833677930058911,2,0.993841582932509,TRUE,-5.00464989502229,-4.53475814490491,-6.79972605251269,153.558999999997,2024-07-20T14:16:18.079561Z,-6.90875477931536,1.16962160378495e-05,FALSE,0.639587650970741,98,48,0.833677930058911,2,0.993841582932509,TRUE,0.00670668898244242,0.0107295018974351,0.00111408030554467,86,86
854,lightgbm,kc1,bacc,687,0,0,0.138937034529452,0.733668039062396,1.36664716449244,0.784001038807509,0.473321842832745,-0.710759052772589,34,8,0.518507383996621,6,0.441279980167747,FALSE,-5.09232773625295,-3.61344972561115,-4.85485765973708,183.792000000005,2024-07-20T15:10:28.921186Z,-6.90875477931503,6.52534720722307e-07,FALSE,0.49127115516706,34,8,0.518507383996621,6,0.441279980167747,FALSE,0.00614370231126618,0.0269586861991456,0.00779044216798153,86,86
861,lightgbm,kc1,logloss,643,0,0,0.135132024373731,0.618064854257851,0.326893681080714,0.830346211907221,0.351221149088409,-3.81272184728334,15,4,0.525233606342226,3,0.558376078587025,FALSE,-5.40762049438787,-4.98202871401782,-3.22053238581097,194.795999999988,2024-07-20T15:13:40.740672Z,-6.90875477931514,4.01901343447254e-06,FALSE,0.022087976963795,15,4,0.525233606342226,3,0.558376078587025,FALSE,0.00448229317369203,0.00686013118658831,0.0399337924158788,209,209
868,lightgbm,kc1,auc,485,0,0,0.154574588129091,0.5,0.409708201811009,0.850140003623581,0,-6.37356684813044,130,2,0.88241231883876,8,0.410282955202274,FALSE,-4.8984843152376,-5.49929652013488,-6.85808047285993,218.80699999999,2024-07-20T14:02:19.517038Z,-6.90875477931532,4.60197534793661e-07,FALSE,0.00170606309208707,130,2,0.88241231883876,8,0.410282955202274,FALSE,0.00745787830125877,0.00408964741136029,0.00105092928503207,67,67
875,lightgbm,kc1,mcc,779,0,0,0.121855111712932,0.721260928996829,0.482005443526699,0.789662319795786,0.493257427782415,-0.83577395585156,112,41,0.642429627710953,2,0.890602146973833,FALSE,-3.4600056065223,-4.78581443040515,-5.38917196709252,165.532999999996,2024-07-20T16:09:39.747875Z,-6.90875477931527,4.98024028680326e-07,FALSE,0.433538811652794,112,41,0.642429627710953,2,0.890602146973833,FALSE,0.0314295858072002,0.00834732266543432,0.00456575236414413,98,98
882,lightgbm,pc4,ce,615,0,0,0.0624090694378838,0.814325469771242,0.21159566927504,0.941122855392157,0.689041091111552,-0.995825730122379,144,101,0.889916283544153,8,0.403100946824998,FALSE,-3.51367325855387,-3.31928515166024,-6.27676568302511,199.178999999996,2024-07-20T15:08:45.511176Z,-6.90875477931527,6.88411303767695e-06,FALSE,0.369418278768575,144,101,0.889916283544153,8,0.403100946824998,FALSE,0.0297872967904695,0.0361786847852006,0.00187946957477797,69,69
889,lightgbm,pc4,bacc,439,0,0,0.111110061407652,0.847413705065359,2.26273446956925,0.891424121732026,0.60081506866729,-0.012379721336294,128,45,0.382563712075353,5,0.770397798088379,FALSE,-6.73794697637285,-2.47489341839266,-5.33220402339909,269.40800000001,2024-07-20T13:51:33.423791Z,-6.90875477931507,1.27240250079818e-06,FALSE,0.98769659217594,128,45,0.382563712075353,5,0.770397798088379,FALSE,0.0011850776532505,0.0841719609621384,0.00483340532552185,63,63
896,lightgbm,pc4,logloss,716,0,0,0.078171941426547,0.757107843137255,0.171808131709176,0.953456903594771,0.596108324256731,-0.810969006888843,160,41,0.806153437355533,10,0.994228691700846,TRUE,-1.40930622705278,-0.425506506336598,-4.26416889044212,219.485000000004,2024-07-20T15:28:43.861120Z,-6.90875477931524,1.61148152336759e-05,FALSE,0.444427204479926,160,41,0.806153437355533,10,0.994228691700846,TRUE,0.244312721927757,0.65343873043873,0.0140635506285863,113,113
903,lightgbm,pc4,auc,508,0,0,0.0850354274917336,0.736328125,0.178502548392814,0.958609068627451,0.557741160161187,-2.55668316159668,111,54,0.567052381113172,6,0.993360663065687,FALSE,-5.61135197515871,-5.83987241480473,-3.81937163821697,218.655000000017,2024-07-20T13:55:59.313887Z,-6.90875477931513,1.62697580963662e-05,FALSE,0.0775615734765339,111,54,0.567052381113172,6,0.993360663065687,FALSE,0.0036561230273164,0.00290921377474305,0.0219415838162066,173,173
910,lightgbm,pc4,mcc,630,0,0,0.0623996221067548,0.824037479575163,0.270222936537894,0.928098192401961,0.697301740186109,-0.0938605496236868,121,17,0.255800412036479,10,0.708600825560279,FALSE,-3.69554238141772,0.747479852916314,-6.73939978728233,177.685999999998,2024-07-20T14:50:17.711060Z,-6.90875477931521,3.33412017556492e-05,FALSE,0.910409710365789,121,17,0.255800412036479,10,0.708600825560279,FALSE,0.0248339805194672,2.11167158223396,0.00118335720954957,73,73
917,lightgbm,pc3,ce,990,0,0,0.0780581414339376,0.646446301925025,0.286342710466258,0.812627437943262,0.44809782564295,-0.766957257584583,176,46,0.792983108665794,4,0.148233697633259,FALSE,-4.27559886727176,-2.29036293829975,-6.3796039146289,143.679000000026,2024-07-20T16:44:16.519415Z,-6.90875477931512,9.7708240402835e-15,FALSE,0.464424043341256,176,46,0.792983108665794,4,0.148233697633259,FALSE,0.0139037197425014,0.101229715045212,0.00169579450301466,26,26
924,lightgbm,pc3,bacc,943,0,0,0.112612281561326,0.754540273556231,1.42871477498671,0.812495567375887,0.455449672120816,-0.284630319409071,124,20,0.610232240287587,8,0.808607284561731,FALSE,-6.26547223686033,-2.5154608816138,-5.08290028816178,123.414000000012,2024-07-20T16:30:50.591369Z,-6.90875477931533,1.35239265609302e-05,FALSE,0.75229231078618,124,20,0.610232240287587,8,0.808607284561731,FALSE,0.00190081557129501,0.0808256525640308,0.00620189562209967,54,54
931,lightgbm,pc3,logloss,666,0,0,0.0947084762371387,0.576257598784195,0.237370210078001,0.866081876899696,0.246266993410827,-1.95504666302327,105,22,0.731337700970471,3,0.134471741667949,FALSE,-4.03319194210333,-5.60609267099941,-3.01653025085496,144.383999999995,2024-07-20T15:01:24.089928Z,-6.90875477931524,2.34893079949314e-06,FALSE,0.141557871021785,105,22,0.731337700970471,3,0.134471741667949,FALSE,0.0177176857720891,0.00367540234381635,0.0489708404505745,33,33
938,lightgbm,pc3,auc,642,0,0,0.099828515433611,0.59832890070922,0.250467137806564,0.873000728216818,0.275742662969447,-0.687098548245676,43,15,0.398582580732182,0,0.69528550747782,TRUE,-6.37656557497624,-4.3015575021753,-4.2720507876895,198.258000000005,2024-07-20T14:51:48.852384Z,-6.90875477931533,1.07841742009218e-06,FALSE,0.503033481114521,43,15,0.398582580732182,0,0.69528550747782,TRUE,0.00170095473799948,0.0135474424008765,0.013953138866285,29,29
945,lightgbm,pc3,mcc,510,0,0,0.0799812183570145,0.709048252279635,0.311293071331228,0.831854894883485,0.502839050291721,-0.617372877353839,215,81,0.556405064184219,4,0.62620790572837,FALSE,-1.50529179529683,-4.19458721665211,-3.81071037297389,178.062999999995,2024-07-20T14:08:03.444803Z,-6.90875477931528,5.88591705402345e-07,FALSE,0.539359541621079,215,81,0.556405064184219,4,0.62620790572837,FALSE,0.221952519680649,0.0150769646977471,0.0221324510762775,56,56
952,lightgbm,mfeat-morphological,ce,1035,0,0,0.227,0.773,0.637715356716231,0.974294444444445,0.749029137775601,-1.06832077898844,123,23,0.26449479162693,5,0.932911872933619,TRUE,-4.55940268475784,-2.12750523820227,-6.81209170089929,179.756000000009,2024-07-20T17:17:34.006330Z,-6.90875477931523,1.44631625363917e-05,FALSE,0.343584988403934,123,23,0.26449479162693,5,0.932911872933619,TRUE,0.0104683099574252,0.11913413471292,0.00110038880680415,118,118
959,lightgbm,mfeat-morphological,bacc,1006,0,0,0.2295,0.7705,0.644600222790669,0.972811111111111,0.746639782846247,-0.443354248955346,199,38,0.449053119169548,2,0.419269807985984,TRUE,-5.49483739585346,-1.40400237195559,-4.88418730810178,166.082999999984,2024-07-20T17:13:33.014531Z,-6.9087547793153,9.33224928522592e-07,FALSE,0.64187978156547,199,38,0.449053119169548,2,0.419269807985984,TRUE,0.00410792437678029,0.24561196365245,0.00756526949763707,131,131
966,lightgbm,mfeat-morphological,logloss,404,0,0,0.263,0.737,0.59354142738075,0.972833333333333,0.709140667571096,-1.40121928451586,250,59,0.723544060718268,9,0.955959805613384,TRUE,-4.97417763894277,0.238891013400548,-6.84808527962525,285.717999999997,2024-07-20T12:30:40.148445Z,-6.90875477931521,1.82657848506842e-05,FALSE,0.246296475309609,250,59,0.723544060718268,9,0.955959805613384,TRUE,0.00691420257307265,1.26984013348394,0.00106148619761299,239,239
973,lightgbm,mfeat-morphological,auc,819,0,0,0.2465,0.7535,0.64073527716431,0.974883333333333,0.727120980846774,-1.47286929859045,242,29,0.223889459623024,2,0.934912535361946,TRUE,-6.31141345029269,-3.8519902823559,-4.41896335649999,171.776000000002,2024-07-20T15:37:50.968732Z,-6.90875477931527,8.23999553164325e-05,FALSE,0.2292667058854,242,29,0.223889459623024,2,0.934912535361946,TRUE,0.00181546535481219,0.0212374258733579,0.0120467139618063,165,165
980,lightgbm,mfeat-morphological,mcc,789,0,0,0.224,0.776,0.645643078976362,0.973977777777778,0.753042530785419,-0.70484527281902,15,40,0.204384986544028,9,0.818378826393746,TRUE,-5.53670705886396,1.09440367080026,-3.09418868479966,192.496999999999,2024-07-20T15:50:24.119447Z,-6.90875477931518,1.1068835541195e-06,FALSE,0.494185032197843,15,40,0.204384986544028,9,0.818378826393746,TRUE,0.00393947797201079,2.98740067785967,0.045311759670829,207,207
987,lightgbm,churn,ce,360,0,0,0.0338,0.891011562953915,0.158663504041876,0.920281807721703,0.854922960959175,-2.43840938155457,63,23,0.884032039437443,6,0.928544227057137,FALSE,-5.95101656028989,-2.52818390893911,-6.13361890259669,262.451000000005,2024-07-20T12:15:25.331205Z,-6.90875477931522,1.94980714504832e-05,FALSE,0.0872996014399191,63,23,0.884032039437443,6,0.928544227057137,FALSE,0.00260319287039064,0.0798038197652809,0.00216871836179533,81,81
994,lightgbm,churn,bacc,739,0,0,0.0334,0.898358212373935,0.161021710970825,0.918722840866961,0.857016367309631,-2.01753512090568,23,39,0.808516112854704,0,0.995772156305611,TRUE,-6.46949493923127,-4.03953005446107,-6.80698849550633,223.111000000012,2024-07-20T15:25:37.477623Z,-6.90875477931535,1.17952143731375e-06,FALSE,0.132982848076742,23,39,0.808516112854704,0,0.995772156305611,TRUE,0.00155000838369322,0.0176057442127764,0.00110601866985306,102,102
1001,lightgbm,churn,logloss,1066,0,0,0.0392,0.883723241492649,0.140966539481164,0.927024281974168,0.830788334451972,-4.20633614334971,26,9,0.743101759813726,0,0.811834694677964,FALSE,-2.41818134183303,-6.23152700518036,-3.12802201374479,113.715999999993,2024-07-20T17:19:48.279634Z,-6.90875477931523,1.51846183206992e-06,FALSE,0.0149008630729427,26,9,0.743101759813726,0,0.811834694677964,FALSE,0.0890834826292912,0.00196644682835241,0.0438043560326421,549,549
1008,lightgbm,churn,auc,867,0,0,0.0438,0.872207881647777,0.161244497017208,0.936285824722281,0.810231955360366,-1.1971384681002,17,35,0.547179863089696,0,0.762936409562826,FALSE,-6.53007667165561,-2.95326911780366,-6.56509308372722,163.835999999992,2024-07-20T15:42:13.469542Z,-6.90875477931512,8.10107823850574e-07,FALSE,0.302057323078737,17,35,0.547179863089696,0,0.762936409562826,FALSE,0.00145889398968111,0.0521688806600098,0.00140869281842456,49,49
1015,lightgbm,churn,mcc,703,0,0,0.0336,0.895242381812968,0.149879177807872,0.923764057811388,0.855799126639878,-1.77970401935089,54,12,0.955181109951809,2,0.746180811827071,FALSE,-3.83731150102413,-5.44480100552712,-6.84337349094531,196.946000000004,2024-07-20T15:23:05.079992Z,-6.90875477931518,2.58495428061471e-05,FALSE,0.168688068284352,54,12,0.955181109951809,2,0.746180811827071,FALSE,0.0215514646181159,0.00431869931942568,0.00106649949779333,32,32
1022,lightgbm,sylvine,ce,394,0,0,0.0419583028752437,0.958038971303502,0.138133424280945,0.989582705961591,0.917472857407271,-2.51515205193903,191,10,0.947289193049073,0,0.66993796445895,FALSE,-6.08789305086418,-6.7890795674551,-6.03484027039782,271.570999999996,2024-07-20T12:34:28.277129Z,-6.90875477931522,2.604728663308e-05,FALSE,0.0808506177788262,191,10,0.947289193049073,0,0.66993796445895,FALSE,0.0022701870480439,0.00112600470872739,0.00239387887013232,75,75
1029,lightgbm,sylvine,bacc,594,0,0,0.0415680586013645,0.958431876215953,0.130165867843147,0.990020734141309,0.918216879858529,-2.45200286665602,153,9,0.102038626791909,0,0.605437087826431,FALSE,-5.31928024021932,-4.77901541688243,-4.97998757124985,203.417000000009,2024-07-20T14:13:29.581542Z,-6.90875477931518,1.32608841502893e-05,FALSE,0.0861209249191227,153,9,0.102038626791909,0,0.605437087826431,FALSE,0.00489627660024748,0.00840426959722307,0.00687414799403324,100,100
1036,lightgbm,sylvine,logloss,1005,0,0,0.0439106664230019,0.956085846303502,0.120763463928591,0.990878812441102,0.913666860194495,-2.6705330125983,218,10,0.980595541885123,2,0.590994397900067,FALSE,-5.71588086928573,-3.55562853013196,-2.47324812598701,141.057999999997,2024-07-20T17:37:13.220309Z,-6.90875477931523,2.15045103992591e-05,FALSE,0.0692153228364108,218,10,0.980595541885123,2,0.590994397900067,FALSE,0.00329324832231549,0.0285634163052889,0.0843105624389905,108,108
1043,lightgbm,sylvine,auc,849,0,0,0.048204876340156,0.95179201118677,0.131452311489741,0.990948771317181,0.905041208420828,-3.03158152520535,128,1,0.973257743753493,0,0.657321846927516,FALSE,-6.71805480890621,-4.06291305007005,-2.87038601899206,154.909999999982,2024-07-20T15:52:44.803260Z,-6.90875477931525,1.66843550784416e-05,FALSE,0.0482392861187855,128,1,0.973257743753493,0,0.657321846927516,FALSE,0.0012088874454575,0.0171988449743773,0.0566770439411864,140,140
1050,lightgbm,sylvine,mcc,442,0,0,0.0415676778752437,0.958433396157588,0.168766319165703,0.985803810446179,0.918390004770646,-0.848967231997119,85,67,0.537461438216269,0,0.995322179491632,FALSE,-4.06780267151177,-4.40112177488459,-6.69168026124326,323.198,2024-07-20T13:29:13.045806Z,-6.90875477931524,1.24070941533956e-05,FALSE,0.427856580435354,85,67,0.537461438216269,0,0.995322179491632,FALSE,0.0171149543969416,0.0122635752134006,0.0012411954871872,43,43
1057,lightgbm,sick,ce,674,0,0,0.00556888832750902,0.970609186931958,0.029438458317716,0.998260562515352,0.951324181965021,-2.24807158859963,220,15,0.964092851383612,0,0.957839301344939,FALSE,-5.92505542603048,-2.15087592359903,-4.58426962117715,174.168999999984,2024-07-20T15:06:40.320910Z,-6.90875477931523,1.11551501794681e-05,FALSE,0.105602673731901,220,15,0.964092851383612,0,0.957839301344939,FALSE,0.00267165960160914,0.116382171223524,0.0102112051127818,44,44
1064,lightgbm,sick,bacc,1073,0,0,0.0106079744010778,0.974023581429624,0.0465019159986072,0.994563793141227,0.914670410926927,-0.88035609869443,12,10,0.856422971235588,7,0.980639121308923,FALSE,-4.39615895480442,-5.81271923254781,-6.32318026974061,115.020999999986,2024-07-20T17:36:31.373767Z,-6.90875477931512,3.72984443225961e-05,FALSE,0.414635234323678,12,10,0.856422971235588,7,0.980639121308923,FALSE,0.0123245884042413,0.00298929043471268,0.00179422829313957,13,13
1071,lightgbm,sick,logloss,628,0,0,0.00769090424262838,0.961348563006632,0.0205311908322651,0.9989447719643,0.932511984989181,-3.01160837957366,10,2,0.982840764801949,0,0.562361804093234,FALSE,-4.61317190006111,-6.14376867632748,-6.87256151021652,172.743999999999,2024-07-20T14:53:04.864901Z,-6.90875477931522,4.76965021676819e-07,FALSE,0.0492124627529734,10,2,0.982840764801949,0,0.562361804093234,FALSE,0.00992030214423381,0.002146817692569,0.00103582039899536,281,281
1078,lightgbm,sick,auc,572,0,0,0.00981011325838912,0.948203758290346,0.0275355531233792,0.998861356751003,0.914077166809342,-2.97651193557534,143,22,0.00726959994062781,0,0.952524518850259,FALSE,-6.34731345811016,-3.41659299174076,-6.52141034765621,185.247999999996,2024-07-20T14:07:41.033094Z,-6.90875477931516,0.00012362882201778,FALSE,0.0509703118891798,143,22,0.00726959994062781,0,0.952524518850259,FALSE,0.0017514461548425,0.0328240765489886,0.00147159218152394,124,124
1085,lightgbm,sick,mcc,936,0,0,0.0060986905814492,0.966351940555146,0.0306996653897596,0.998222250476576,0.946966964629385,-2.21271917614226,211,18,0.86229085829109,0,0.985048413299955,FALSE,-6.8280170164009,-1.27428994561072,-4.98722102235878,146.924000000021,2024-07-20T17:00:10.994486Z,-6.90875477931524,3.92551386813159e-06,FALSE,0.109402758320781,211,18,0.86229085829109,0,0.985048413299955,FALSE,0.00108300356801694,0.279629449864935,0.00682460358515756,37,37
1092,lightgbm,kr-vs-kp,ce,491,0,0,0.0018769592476489,0.998119254267523,0.0373981348263774,0.999601738991585,0.996263043078255,-0.542767680552306,217,6,0.582366722868756,3,0.450099822692573,TRUE,-2.6994598899261,-1.22149242003784,-3.22482190236657,187.701000000005,2024-07-20T14:04:28.063275Z,-6.90875477931522,2.21189349687663e-05,FALSE,0.581137621253345,217,6,0.582366722868756,3,0.450099822692573,TRUE,0.0672418209185258,0.29478988812929,0.0397628626173746,50,50
1099,lightgbm,kr-vs-kp,bacc,304,0,0,0.0018769592476489,0.998119254267523,0.0205424215305541,0.99959143098661,0.996263043078255,-0.338085323541604,246,6,0.973264273023233,8,0.850889826961793,TRUE,-4.30121504217161,-5.53141672666518,-4.56804874799859,530.837999999998,2024-07-20T11:37:50.555679Z,-6.90875477931512,3.8958105561538e-05,FALSE,0.713134438146459,246,6,0.973264273023233,8,0.850889826961793,TRUE,0.0135520826525561,0.00396037434481284,0.0103781904384417,11,11
1106,lightgbm,kr-vs-kp,logloss,745,0,0,0.0025019592476489,0.997465659496281,0.00949498151249166,0.999917532547771,0.995005524419072,-1.53966457605518,47,9,0.636626246850938,7,0.954389100871049,FALSE,-5.14386169751048,-3.49188917841392,-5.96979851516773,163.149000000001,2024-07-20T15:30:20.622029Z,-6.90875477931522,2.86800798484109e-06,FALSE,0.214453022042987,47,9,0.636626246850938,7,0.954389100871049,FALSE,0.00583511270839138,0.0304433049763782,0.00255475611174654,164,164
1113,lightgbm,kr-vs-kp,auc,499,0,0,0.00750881661442006,0.992529659463323,0.0234547581918028,0.999954850361197,0.98509691026347,-0.454968807129274,203,26,0.45729445409961,8,0.836289924383164,FALSE,-6.40593266542881,-0.533613574177612,-4.14523572488866,232.572000000007,2024-07-20T13:47:41.648786Z,-6.90875477931534,0.000199958588671687,FALSE,0.634467758510335,203,26,0.45729445409961,8,0.836289924383164,FALSE,0.00165172899255846,0.586481840312142,0.0158397016992908,66,66
1120,lightgbm,kr-vs-kp,mcc,576,0,0,0.0015644592476489,0.998418655465128,0.0308978425777667,0.999776586369951,0.996878831002581,-0.405802063977179,184,6,0.700395788997412,2,0.962761086574756,TRUE,-2.97064597470066,-5.10168611591537,-6.69856712213881,171.502999999993,2024-07-20T14:20:44.558877Z,-6.90875477931517,2.72973937222456e-05,FALSE,0.666442067262826,184,6,0.700395788997412,2,0.962761086574756,TRUE,0.0512701803930878,0.00608647540571593,0.00123267691330825,15,15
1127,lightgbm,analcatdata_authorship,ce,287,0,0,0,1,0.214520172371646,1,1,-1.71914375018525,59,7,0.264602711657062,1,0.283859743154608,TRUE,-1.00760183610876,-5.48950791994614,-6.30275010922251,489.875999999997,2024-07-20T11:52:35.104117Z,-6.90875477931522,9.4158310536263e-05,FALSE,0.179219538928613,59,7,0.264602711657062,1,0.283859743154608,TRUE,0.365093484560858,0.00412987590388484,0.00183126167604398,16,16
1134,lightgbm,analcatdata_authorship,bacc,263,0,0,0,1,0.0694154446341721,1,1,-0.611636787957762,157,68,0.516566858633675,10,0.866374592311426,TRUE,-6.90487809859889,-5.94024987624237,-5.22735759989719,338.551999999998,2024-07-20T11:01:22.482424Z,-6.90875477931518,,,0.542462246357031,157,68,0.516566858633675,10,0.866374592311426,TRUE,0.00100288132343922,0.00263137205149687,0.00536769016484479,12,12
1141,lightgbm,analcatdata_authorship,logloss,452,0,0,0.00117647058823529,0.999166666666667,0.00501340286389514,1,0.998310896633863,-1.32719605002175,108,1,0.337981123477221,10,0.751019017118961,TRUE,-6.27192321266626,-6.37631522765539,-6.82334582751069,250.177999999993,2024-07-20T13:03:24.660329Z,-6.90875477931522,0.000104748853757062,FALSE,0.265219882961339,108,1,0.337981123477221,10,0.751019017118961,TRUE,0.0018885929224263,0.00170138062076812,0.001088074316243,89,89
1148,lightgbm,analcatdata_authorship,auc,2,0,0,0.199957983193277,0.616612259127789,0.835853647973798,1,0.719405970616695,-3.65029562413927,170,94,0.684029583505101,4,0.449377976387993,TRUE,-2.90170352774888,2.42186892602997,-4.81193495819036,477.936,2024-07-20T07:19:57.679787Z,-6.90875477931533,,,0.0259834463092991,170,94,0.684029583505101,4,0.449377976387993,TRUE,0.0549295662677711,11.2668966465698,0.00813210917304163,49,49
1155,lightgbm,analcatdata_authorship,mcc,315,0,0,0,1,0.0633945203403735,1,1,-0.614399600834432,35,22,0.108748742612079,1,0.923842751979828,TRUE,-5.64587084921825,-4.35684538657594,-5.60575680088896,420.612000000005,2024-07-20T11:51:57.616127Z,-6.90875477931533,0.000201720524128406,FALSE,0.540965593116125,35,22,0.108748742612079,1,0.923842751979828,TRUE,0.00353207115999916,0.0128187621722761,0.00367663700893946,25,25
1162,lightgbm,segment,ce,554,0,0,0.0484848484848485,0.951515151515152,0.200408227088029,0.99509816782544,0.943599384529633,-0.843156692810837,97,153,0.363561229081824,1,0.540567066939548,FALSE,-2.74943870178398,-2.45254808971889,-5.60526033295717,177.189999999999,2024-07-20T13:52:03.489857Z,-6.90875477931522,2.86232123379432e-05,FALSE,0.43034989459689,97,153,0.363561229081824,1,0.540567066939548,FALSE,0.0639637538734597,0.0860739826028405,0.00367846279449571,79,79
1169,lightgbm,segment,bacc,818,0,0,0.0489177489177489,0.951082251082251,0.202626182495375,0.995491713673532,0.943186347082206,-0.904630823946141,70,88,0.546669317176566,4,0.452770193107426,FALSE,-4.72929641258428,-2.96232936644976,-6.62530154791446,185.733999999989,2024-07-20T15:37:01.013161Z,-6.90875477931525,2.29192059833847e-05,FALSE,0.404691259850875,70,88,0.546669317176566,4,0.452770193107426,FALSE,0.00883268341889514,0.0516983523998843,0.00132638040347184,45,45
1176,lightgbm,segment,logloss,390,0,0,0.0558441558441558,0.944155844155844,0.148784204207072,0.996768551314006,0.935152274777028,-3.01904031878174,210,1,0.182628783397377,0,0.869295233860612,TRUE,-6.90256151777665,-3.74377470966025,-4.44602712379152,281.440999999992,2024-07-20T12:46:24.351542Z,-6.90875477931522,4.15094655290121e-05,FALSE,0.0488480744545629,210,1,0.182628783397377,0,0.869295233860612,TRUE,0.00100520727216398,0.0236646073053887,0.0117250567592006,280,280
1183,lightgbm,segment,auc,661,0,0,0.0614718614718615,0.938528138528139,1.57236679940934,0.997057151602606,0.928652332443068,-6.37476179113475,67,6,0.0576886546332389,0,0.284003790351562,FALSE,-3.84291446822328,-5.43488686176042,-5.36489074630335,215.119999999992,2024-07-20T14:44:52.613385Z,-6.90875477931524,0.000166691264548705,FALSE,0.00170402566147942,67,6,0.0576886546332389,0,0.284003790351562,FALSE,0.0214310501230168,0.0043617284715187,0.00467797129829765,63,63
1190,lightgbm,segment,mcc,293,0,0,0.0476190476190476,0.952380952380952,0.192274584515006,0.995662250207705,0.944654717446907,-1.59323300333723,170,34,0.548797750845552,5,0.79709695589263,FALSE,-6.29711094586064,-5.86270758184473,-5.84230308073684,340.014000000001,2024-07-20T11:19:41.950132Z,-6.90875477931527,0.000106108330974672,FALSE,0.20326738415025,170,34,0.548797750845552,5,0.79709695589263,FALSE,0.0018416176318133,0.0028435341488563,0.00290215103498931,35,35
1197,lightgbm,ozone-level-8hr,ce,552,0,0,0.0422240204164203,0.706426732085239,0.157576384449789,0.901695963195405,0.56744567252883,-1.36600857620771,58,162,0.276323703117669,5,0.695598401408643,FALSE,-5.36374588155545,-2.23377792037165,-3.48688250326972,215.329000000005,2024-07-20T14:04:53.482561Z,-6.90875477931523,1.09075278900116e-05,FALSE,0.255123234960637,58,162,0.276323703117669,5,0.695598401408643,FALSE,0.00468333000964331,0.107122962683187,0.0305961069103454,77,77
1204,lightgbm,ozone-level-8hr,bacc,1002,0,0,0.0603716037471601,0.795831892883736,0.377152017897583,0.880743072545474,0.547241625717658,-0.347523547491404,26,115,0.214267009636387,2,0.941014101123437,FALSE,-3.86557571290511,-0.681916640484678,-6.81655564590314,159.028000000028,2024-07-20T16:53:37.884692Z,-6.90875477931522,1.35210259089707e-07,FALSE,0.706435378952695,26,115,0.214267009636387,2,0.941014101123437,FALSE,0.0209508572854408,0.505646919665066,0.00109548767900885,88,88
1211,lightgbm,ozone-level-8hr,logloss,686,0,0,0.0509009990351997,0.675566207495657,0.131382428807258,0.941220348899053,0.472817605681095,-1.73488029784108,241,86,0.386264189844951,8,0.631614798423834,TRUE,-5.89671780321055,-2.93847837369247,-5.98349728201625,174.082999999999,2024-07-20T14:54:04.352915Z,-6.90875477931527,1.09629734558523e-06,FALSE,0.176421317034984,241,86,0.386264189844951,8,0.631614798423834,TRUE,0.00274845098768161,0.0529462318542623,0.00251999772051628,159,159
1218,lightgbm,ozone-level-8hr,auc,395,0,0,0.0580156235411285,0.642627557352055,0.138218326212385,0.941880628833812,0.377033556390531,-1.72777932224304,172,44,0.135179962497205,3,0.966319936211221,TRUE,-6.77197093293757,-0.887247049591242,-3.75728652447558,311.612999999994,2024-07-20T12:08:29.175639Z,-6.90875477931532,7.38328177531208e-06,FALSE,0.177678538970538,172,44,0.135179962497205,3,0.966319936211221,TRUE,0.00114543484940183,0.411787825229465,0.0233470060306069,148,148
1225,lightgbm,ozone-level-8hr,mcc,525,0,0,0.0442049733901839,0.746172725419282,0.157506971762823,0.910841599297947,0.584734560002317,-0.0742289134684639,118,140,0.368261512136087,10,0.974510375969112,TRUE,-6.04489733314436,2.05873624321391,-3.31824247100215,218.23499999999,2024-07-20T13:19:20.375853Z,-6.90875477931525,2.04698176856595e-05,FALSE,0.928459132712766,118,140,0.368261512136087,10,0.974510375969112,TRUE,0.00236992413915117,7.83606067541425,0.0362164272733231,105,105
1232,lightgbm,steel-plates-fault,ce,620,0,0,0.168480042294475,0.819291588244223,0.567837467318973,0.977814991501885,0.78324908591393,-4.06354855713647,148,1,0.672397236572579,5,0.834037712868303,FALSE,-5.04584422371458,-5.2015856818782,-5.58633366205082,231.339999999997,2024-07-20T14:38:04.675476Z,-6.90875477931523,9.02789517320813e-06,FALSE,0.0171879184591684,148,1,0.672397236572579,5,0.834037712868303,FALSE,0.00643602462506756,0.0055078238362535,0.00374874687298238,145,145
1239,lightgbm,steel-plates-fault,bacc,1033,0,0,0.179807031456516,0.843744992963354,0.527382529201765,0.978660214650925,0.769978958991591,-1.52936963596149,163,7,0.95160879730247,9,0.906430249614641,TRUE,-3.10737778891876,-6.63631081163454,-4.73497526112817,182.620999999992,2024-07-20T17:27:25.267645Z,-6.90875477931517,1.32672872558908e-06,FALSE,0.216672206643957,163,7,0.95160879730247,9,0.906430249614641,TRUE,0.0447180619316003,0.00131185801887829,0.0087826661023244,109,109
1246,lightgbm,steel-plates-fault,logloss,528,0,0,0.189595559080095,0.81589199764907,0.475901595364005,0.978929528478215,0.755461801314791,-4.99489077565274,15,7,0.903217905201018,3,0.675159328128211,FALSE,-2.32952381421989,-3.43573886827266,-3.06464517048861,222.991000000002,2024-07-20T13:58:00.549652Z,-6.90875477931522,1.77046482749062e-05,FALSE,0.0067724607761794,15,7,0.903217905201018,3,0.675159328128211,FALSE,0.097342088973559,0.0322016086929068,0.0466703989616844,864,864
1253,lightgbm,steel-plates-fault,auc,759,0,0,0.201456515992598,0.816645166017665,0.493096283895823,0.980584394532731,0.740924845656352,-2.89913238942958,23,5,0.958064729813486,0,0.959297889121808,TRUE,-5.18637498486479,0.643191360153469,-4.33910552263258,177.682999999986,2024-07-20T15:34:13.144951Z,-6.90875477931521,0.000101280286267326,FALSE,0.0550709794990495,23,5,0.958064729813486,0,0.959297889121808,TRUE,0.00559224207836687,1.90254290071674,0.0130481942996171,218,218
1260,lightgbm,steel-plates-fault,mcc,1060,0,0,0.170539254559873,0.838248075136491,0.558376058211696,0.976514910037553,0.781043424080233,-1.23350359896756,235,44,0.461902259383351,0,0.799115120782517,FALSE,-3.76577669374491,-0.603497066364827,-6.70143705388513,155.22399999998,2024-07-20T16:49:35.292237Z,-6.9087547793152,9.96917360351387e-07,FALSE,0.291270293589942,235,44,0.461902259383351,0,0.799115120782517,FALSE,0.0231496250819562,0.546895757310957,0.00122914428632566,51,51
1267,lightgbm,jm1,ce,995,0,0,0.171796929860098,0.600078406426824,0.434243791203994,0.753332541247486,0.31429696529899,-3.63053315909453,253,2,0.880088887643069,10,0.703681875718758,FALSE,-4.40508243046286,-3.9589285812707,-5.94300469546527,187.022999999994,2024-07-20T16:45:39.868292Z,-6.90875477931494,6.85277243523506e-07,FALSE,0.0265020508320816,253,2,0.880088887643069,10,0.703681875718758,FALSE,0.012215099477039,0.0190835498148488,0.0026241330728037,170,170
1274,lightgbm,jm1,bacc,419,0,0,0.20147033503484,0.640488785447614,0.697860295397512,0.693521234466571,0.305903534965116,-0.0190873169778045,82,78,0.769991239067167,4,0.989875536249019,FALSE,-0.974800698247109,-6.41566419216694,-4.22019379514055,305.016000000014,2024-07-20T12:17:43.370761Z,-6.90875477931539,4.5434326151167e-07,FALSE,0.981093692366483,82,78,0.769991239067167,4,0.989875536249019,FALSE,0.377267536152161,0.00163573310613892,0.0146957962550215,68,68
1281,lightgbm,jm1,logloss,858,0,0,0.178871097337006,0.579614205771828,0.416922150383077,0.763854563830851,0.27004281992319,-5.8161471168091,131,2,0.610212473431602,2,0.898721073381603,FALSE,-3.58678139587541,-6.76629655878751,-2.91271154478351,285.454000000005,2024-07-20T16:47:34.771331Z,-6.9087547793151,5.97161008530934e-06,FALSE,0.00297906103569367,131,2,0.610212473431602,2,0.898721073381603,FALSE,0.0276873016281173,0.00115195295088571,0.0543282165728723,1100,1100
1288,lightgbm,jm1,auc,542,0,0,0.181167203451629,0.560169840909709,0.421948886761821,0.76546416291792,0.236427358200809,-5.00343611999878,214,1,0.601366898277775,4,0.591655650432222,FALSE,-6.85417617877504,-3.9165563997642,-6.76072764330161,275.022999999997,2024-07-20T13:14:57.367355Z,-6.90875477931511,4.47198435310963e-07,FALSE,0.00671483433633329,214,1,0.601366898277775,4,0.591655650432222,FALSE,0.00105504044238456,0.0199095373197099,0.00115838597537226,332,332
1295,lightgbm,jm1,mcc,1091,0,0,0.177677003997191,0.629072254316561,0.480095094738311,0.731956499686242,0.331861396333174,-1.78092163347507,241,9,0.477031017886475,2,0.871242581936531,FALSE,-1.51679782931608,0.977244347748578,-3.36218491277154,147.506000000023,2024-07-20T17:02:53.105165Z,-6.90875477931521,3.92497334342963e-07,FALSE,0.168482796306218,241,9,0.477031017886475,2,0.871242581936531,FALSE,0.219413362267279,2.65712403423468,0.0346594482838472,119,119
1302,lightgbm,spambase,ce,915,0,0,0.035206545317363,0.962462432888779,0.155271243208779,0.989289206040891,0.926420565431145,-1.06010811273981,41,7,0.920301575679332,0,0.584173829550855,FALSE,-6.89878178403964,-6.27919231095885,-6.83405602952337,182.851000000006,2024-07-20T15:54:34.143478Z,-6.90875477931522,9.97126928371169e-06,FALSE,0.346418356067859,41,7,0.920301575679332,0,0.584173829550855,FALSE,0.0010090138774486,0.0018749143305839,0.00107648300396085,49,49
1309,lightgbm,spambase,bacc,1007,0,0,0.0356422710553617,0.962682519412074,0.138913481951566,0.988156369094121,0.925545755767652,-1.53728400231841,29,39,0.728300293674693,10,0.951564541994594,FALSE,-5.86986967425286,-3.53682365645033,-3.94288537465909,153.917999999998,2024-07-20T16:32:21.691226Z,-6.90875477931525,2.05426295266672e-06,FALSE,0.214964151424239,29,39,0.728300293674693,10,0.951564541994594,FALSE,0.00282324125106568,0.0291056298916411,0.0193921802385433,80,80
1316,lightgbm,spambase,logloss,464,0,0,0.0404206356691502,0.956714345523744,0.110058147054539,0.991017118678867,0.915449411560041,-3.48876483561499,25,8,0.827770907664672,0,0.404280158644542,FALSE,-3.11777172537811,-5.00108272233412,-4.67028837475867,292.590999999989,2024-07-20T13:09:50.707696Z,-6.90875477931523,1.04097136652566e-05,FALSE,0.0305385690383563,25,8,0.827770907664672,0,0.404280158644542,FALSE,0.0442556724236853,0.00673065562136449,0.00936956719070454,456,456
1323,lightgbm,spambase,auc,893,0,0,0.0380321607092332,0.95907508747732,0.11317496894956,0.991191129775219,0.920446430587806,-3.15477289245481,30,3,0.0515514793805778,0,0.383956225053407,FALSE,-5.359475511717,-2.30401267659988,-5.51686255178695,183.451000000001,2024-07-20T16:13:18.349873Z,-6.90875477931516,4.63618365627637e-05,FALSE,0.0426480855949148,30,3,0.0515514793805778,0,0.383956225053407,FALSE,0.0047033723244506,0.0998573434906912,0.00401843581913846,305,305
1330,lightgbm,spambase,mcc,712,0,0,0.0354239366217108,0.962478345431121,0.127813827002195,0.98923313318691,0.925868007925153,-1.76637204503816,199,24,0.896484791534022,0,0.99752109341789,FALSE,-4.61997763321626,-2.22088039168682,-5.87811410462327,191.277000000002,2024-07-20T15:09:24.614922Z,-6.90875477931522,1.00949842736476e-05,FALSE,0.17095207156049,199,24,0.896484791534022,0,0.99752109341789,FALSE,0.00985301643901053,0.108513532346977,0.00280006092076033,47,47
1337,lightgbm,wall-robot-navigation,ce,456,0,0,0.00219813825318413,0.99539496623088,0.0142299936746845,0.999910876074963,0.996693137292462,-1.27738692898711,31,46,0.522053059423342,1,0.855325544369407,FALSE,-2.95992803229759,-1.5328371834242,-6.24966026409138,181.965999999997,2024-07-21T01:24:06.863739Z,-6.90875477931522,0.000153001444310378,FALSE,0.278764781729682,31,46,0.522053059423342,1,0.855325544369407,FALSE,0.0518226465953333,0.215922186600133,0.00193111009223732,26,26
1344,lightgbm,wall-robot-navigation,bacc,332,0,0,0.00201498807003394,0.997446346223436,0.0223187569914381,0.999980368503515,0.996968654414079,-1.16042056135493,32,145,0.694219401106238,2,0.636869548889808,FALSE,-4.85508663225778,-1.75455216654905,-6.44080978585686,139.934999999999,2024-07-20T23:51:53.372777Z,-6.90875477931516,7.74019872117875e-05,FALSE,0.313354368429177,32,145,0.694219401106238,2,0.636869548889808,FALSE,0.00778865857500572,0.172984693280003,0.00159511445634357,27,27
1351,lightgbm,wall-robot-navigation,logloss,521,0,0,0.00256477467486642,0.995624009027763,0.00753016120077466,0.999989755919593,0.996140449595899,-0.899543085931142,38,161,0.689465851988643,1,0.567393313255161,FALSE,-6.74270921108228,-4.6021967974212,-6.63968764084268,124.321,2024-07-21T01:18:47.466351Z,-6.90875477931522,8.14501252498047e-05,FALSE,0.406755469584439,38,161,0.689465851988643,1,0.567393313255161,FALSE,0.00117944745212698,0.0100297781347124,0.00130743556953369,63,63
1358,lightgbm,wall-robot-navigation,auc,284,0,0,0.00678226971804954,0.987867755073021,0.0703139535354643,0.9999960369971,0.989800383479707,-2.83730079089703,164,67,0.560481300577521,6,0.966195266926661,FALSE,-6.4255594283226,-6.05117442197556,-6.28664213380335,153.43,2024-07-20T23:50:09.270068Z,-6.90875477931513,0.000230107117097219,FALSE,0.0585835820823528,164,67,0.560481300577521,6,0.966195266926661,FALSE,0.00161962695924973,0.00235509450695871,0.00186099845075291,65,65
1365,lightgbm,wall-robot-navigation,mcc,1068,0,0,0.00183183788688376,0.996266178352092,0.0164421755058429,0.999980757718374,0.997242977364115,-2.20354036731793,110,35,0.57978570391424,3,0.998565287655219,FALSE,-4.87551482631571,-0.960902442913758,-6.74732163991237,139.405000000006,2024-07-21T04:04:57.297979Z,-6.90875477931519,6.37234987430009e-05,FALSE,0.110411568077491,110,35,0.57978570391424,3,0.998565287655219,FALSE,0.00763116448308567,0.382547502871143,0.00117401986150538,60,60
1372,lightgbm,splice,ce,443,0,0,0.0253918495297806,0.973925906405298,0.135525566796596,0.995951052852493,0.958970473959308,-0.503943960340076,238,155,0.289918520255014,8,0.342386998119764,FALSE,-5.89302310868977,3.24897680114263,-2.84277668230907,123.877000000003,2024-07-21T00:18:58.231393Z,-6.90875477931522,6.57294498396633e-05,FALSE,0.60414323788884,238,155,0.289918520255014,8,0.342386998119764,FALSE,0.00275862445684384,25.7639647666716,0.058263661473012,66,66
1379,lightgbm,splice,bacc,961,0,0,0.0253918495297806,0.975082741538036,0.122901247481796,0.996154288379992,0.95904669184001,-1.0150108195213,182,125,0.395074091153219,7,0.603202843968757,FALSE,-4.04226780448607,-5.60985244205624,-4.52566940939196,157.747999999992,2024-07-21T17:38:10.345998Z,-6.9087547793152,1.87307945209992e-05,FALSE,0.362398508832892,182,125,0.395074091153219,7,0.603202843968757,FALSE,0.0175576100058957,0.00366160961745621,0.0108274640038577,48,48
1386,lightgbm,splice,logloss,,,,,,,,,,,,,,,,,,,,,,,,,,,,,,,,,,,
